Doors_View,749fe8df-a890-46b3-a046-3eb0301616ac
Style_Pane,b8b98cca-1302-4f03-94e7-91e6fa97e47d
Base,c1419ff1-c335-4c24-a87c-a707efe2fa27
Door_Associations,359bb8f8-064d-4af1-bf4b-cbb7411dc4ca
Drwr_BEnd_TEnd_UEnd,661d70c4-59cf-489a-a7bf-c59fdd7c0b10
Inner,d3fdd36e-9220-49fe-8285-83bbb434e15b
Material,cc7154dc-ca7f-4fae-a505-92a6efb2d610
Outer,b7be4065-7e35-4351-9f46-eaacf4a58eed
Price,9612e923-947d-41d9-b634-c5970513a4e7
Route_Ptrn,451915ff-6dd4-447b-939a-526a0fe72fb4
RP_Detail,78385264-5ff8-41e3-8c3d-1fd317624e94
Upper,b2b0055b-2696-4fbb-be20-4a44fe4c4b32
DV_Main_Tab,8a8534b3-7974-4b80-b960-b22a7c0e6625
DV_Utilities_Tab,6cef8350-f8ec-4460-b499-33f0420d917b
Explorer_View,ad1508f5-49b3-4035-a573-3d7b0879c727
Sidebar,105cc583-293b-4a15-83e6-5e724ce28c9b
Catalog_Pane,5ac57717-b9d1-48af-92b8-b013b50b923f
EP_Right_Click_Options,67249959-b7e3-4dc5-8c40-97c856905345
Object_Pane,f029678a-b000-4b4c-8897-613f16f98bee
OP_Object_Properties,11cbc7ba-6b87-4679-8866-1d1c9cb9f4c9
OP_Right_Click_Options,3150899d-5cdd-4249-85c5-c3c5f277852d
Catalog_Group,92243c77-846e-4e26-9f94-1d4ef990278d
EV_Edit_Group,9005932f-8ef8-4f42-b5cf-54c6b7c5b3b6
EV_Help_Group,df511fc8-c97f-407d-9a3b-9609fa8073b3
EV_Home_Group,5ce3901f-c960-4601-9474-50e03e6768d1
EV_Main_Tab,9a8766a2-806a-4e5d-a844-14ef983267a7
Export_Prices,12c6a93f-795a-4bd9-9a68-8e5b4f3f4b8a
Import_Prices,e3ed4966-f046-4a4a-8b0d-26ba194ea49e
Price_Labels,77e746ea-3ad2-45f2-9ae7-72eca8bd42bd
Simple_Pricing_Table,a858b011-b1d5-439e-a2a6-d585c35c1e6c
Stock_Pricing,52ecb715-bb52-4b28-8b5d-1abc0d39e744
Update_Prices,c20cbc15-ab1e-4216-a6ad-07beb9223c00
Edit_Parent_Assemblies,2fee2f71-ae2b-4596-82b6-9230de85ac15
Catalog_Editor_Overview,4b0bfb7a-6f41-4efa-9c33-824dea4af293
Creating_End_to_End_Catalogs,c58448d9-4624-4847-8dd9-4fa27bb91d30
File_Menu,9218c5a1-bd2f-44d7-93a0-ae6212dca7ed
Understanding_the_Catalog_Editor_Window,34d9af53-5dcd-4986-a351-9238636ae405
Options_Pane,e820ca9e-d789-4cc3-9365-76dbb9822fa6
Option_Types_Pane,889b9514-979d-4666-80ed-fa37ba231a38
Construction,23f320de-1fa8-4b72-9242-c0c210715ea3
Finish,9993dfe9-234a-4319-9827-0b25d0e95eef
Hardware,a3187390-6869-437b-9822-ead34dcdf0da
Materials,1b1c04ca-fd74-4085-9dbc-56ec7ca38948
Modifications,840bb640-c5d1-478e-8155-33032823adcc
OV_Main_Tab,acfd863d-e356-4d29-aa91-91abc99e5f9d
UCS,2611f4b4-aaf6-4ee8-bfc7-697ab7bcb302
Assembly_Wizard,9b95eaa6-0634-40b9-bdf2-bcb0b083b361
Intelli-Joint_Catalog,33317b6c-aa74-42b2-9e9b-c7913268ac4d
Machine_Catalog,8f3db61d-fccb-46e0-8dbf-d316d2e1d1b7
Material_Catalog,d2033866-5d17-44c3-842e-3c12d56bb472
Material_Schedules,d82bfffc-dc4e-4fff-9154-267338468856
OV_Utilities_Tab,9ee8ae41-91ed-4025-912d-5e043878f635
Parameters,57d5f0ed-0421-4afe-a788-453ebee559b3
Parts_Catalog,6012bb3d-5729-45e6-8748-4b793031f74f
Tool_Catalog,4a9e45c0-035c-40b8-abaf-ecce4bd2184c
User_Created_Standards,89249ad6-7b19-498f-8a51-d11bfdd61b12
Export_Reports,4766ffe4-eb4f-4422-8bb3-f3e7c4b03075
Reports_View,2d661241-f98f-444e-9c3d-a6c3748f9b42
Main_Screen,76fd2a92-7fa9-4a02-be36-b8997a1cde9f
Navigation_Keys,44e20fab-224a-4625-a5ec-dbd8854e77a4
Quick_Access_Toolbar,a5146ac1-ab67-41ca-b968-c6ff4a1450d1
Ribbonbar,30f27b7c-c12f-4936-bfad-fe4e55e95284
Statusbar,071c46a6-e8ec-4733-b36f-706ec5fc4662
Assembly_Level,b0552ea2-b430-4836-aa5e-42dfd04f9eda
AL_Section_Group,bd44ce60-3187-4582-b62a-6df5a06d6774
Assembly_Selector,f478da3b-2bc8-45fa-8825-a29d43817ee3
RL_Main_Tab,a095688d-3b5c-4aba-8f35-bdc4541dcc7f
ALPM_Boring,9a1f874d-206d-40f1-bc3d-cc0d800e757f
ALPM_Case,f8dc3ae9-7644-4f4d-994e-7ba05b597872
ALPM_Construction,2a5575e8-fc84-4152-884f-1df2929d973e
ALPM_Doors-Drawers,5e7a2457-50fe-4bb9-ad8d-bfe7465e42d5
ALPM_Finish_,59e472c3-9457-4639-ae36-a90e88dce882
ALPM_Flutes,5f33eae7-676e-44c4-b218-3644bcfb6cd2
ALPM_Frame,af92cc90-ce65-4803-93ad-a34c2a015248
ALPM_General,8f6fb3ca-72ae-4373-9ac9-0b0ae656469d
ALPM_Hardware,85359780-bc15-467a-bdd5-6f907270265c
ALPM_Legs,d1b17c26-3062-498c-8a2a-b9def217700e
ALPM_Material,394966b3-9438-424c-b34e-42e40d0a10ea
ALPM_Reveals,d38ce2d1-e6ed-4eab-b2b0-3f4de9ac0961
ALPM_Toe,47d1a1c4-7c3f-494a-a75f-51e7d42f9887
AL_Properties_Group,6f52466f-ffa6-4f56-b4cd-6f5da81e612d
Shadowline,5515d6bc-778d-4999-83c2-f6360650f47e
AL_Modifications,6d896be3-732c-442a-a6f8-1fc1087514ec
ALRB_Utilities_Tab,e42529ad-15b4-4296-9b81-3c99c114bd33
PL_Update_Intelli-Joints,af2b3762-eb89-4358-a214-91bdd28a9106
ALRC_Drawer,e1d30d6f-ba52-4843-a885-197a2175bf92
ALRC_Mid_Rail-Mid_Stile,21add82d-fd52-4a2c-8cd1-ac4d8131b187
ALRC_Open-Panel-Blank_Panel,ed3eb29a-a131-437b-b1d3-74baf80de83e
ALRC_Part_Ortho,56d7935f-7e10-41ff-8ac3-2dc6df61ae86
ALRC_Roll_Out_Shelf,43f30d98-7f80-45b8-be10-da0208a7dc8c
ALRC_Roll_Out_Tray,689db4ec-e641-45f7-ac00-437bb5785e95
ALRC_Std_Interior_Splits,20977a77-fe1c-4c12-a707-94e61c198187
Right_Click_Molding_Ortho,ae499e5d-6496-4e10-a512-70ac110ddfc1
Right_Click_Part_in_Reports_View,28ee278a-913c-4a48-b7fa-852e30dbafab
ALRC_Door-Pair_Door-False_Front,d5798fa1-f857-4958-aff7-14147c7d5964
Section_Door,2eee8329-0615-42cf-b88c-791aee10ee2a
ALRC_On_Screen_3D,b5bc0b56-86e4-473b-a1e9-cf656d73b6dc
ALRC_On_Screen_Ortho,89dafb69-4bd2-4d8f-812e-641802cba145
ALRC_On_Screen_Reports,e5589423-a19a-41cb-a10e-21bc17597ae1
ALRC_On_Screen_Section,4db52af7-38c4-4c87-bc5e-fcd44fba5f73
ALSB_Edit_Shape,40d499ba-ae11-407c-be1a-233e6a9e7c70
ALSB_Explode_Slider,7ef17827-78f8-476b-a842-696cda21deb9
ALSB_Library_Part,7702ed19-a85e-4d98-8c3d-5dd52deb1a32
ALSB_New_Molding,52f445da-cfff-4ed7-b81a-3bcc30d67206
ALSB_New_Part,c3165fbc-169e-4284-92eb-77efe33c4d52
ALSB_Objects,f709ca68-bf0f-4b79-bffc-5215f19a9dbd
ALSB_Section_Slider,aab9b3f8-9233-489b-a9a1-f5d5dead9a6c
ALSB_Select_a_Face_Opening,f7623519-05ab-4cda-a3d5-48f5138cf305
ALSB_Select_Frame_Parts,273e36b2-b35d-451c-9f82-5dabaf1f8554
ALSB_Select_Horizontal_Split,a2e00542-f792-4b94-8de1-73305a59d475
ALSB_Select_Interior_Opening,466cc45c-0e17-4f47-992a-72a0c2c66dae
ALSB_Select_Part_Ortho,34a4e617-688f-45a3-97d3-f91c2f4ec017
ALSB_Select_Vertical_Split,014f78e6-c3e4-4980-b352-953b380f079f
ALSB_Side_Selector,22a1345b-0606-4cfe-a8a9-aba17f9ca76d
AL_Side_Bar,6b6c7bbb-899f-4d20-9bd6-91a32882ef2b
PL_Select_a_Part_3D_View,11ff3e6b-f4b4-4fef-a275-5332b9c4fa7a
Select_Face_Split,a2aad116-6900-4e98-805b-c64833c4ff28
Transparency_Slider,f60a2197-1bbe-458b-ade9-da32c44af569
About_CABINET_VISION_Help,ad8ef3f4-ccbf-4931-8031-c5477958ae32
CABINET_VISION_Products_and_Add-Ons,051a6ac7-aac6-40fd-b0e1-d5234737f9d4
S2M_CENTER,0f4b7036-db39-458b-b796-3430537a4816
Set_As_System_Defaults,e5b1c38f-2747-41a5-a7b8-9aefa6986ede
What_s_New_2024,fe8334e2-75e9-44ed-b2c8-390234510b8b
CABINET_VISION_startup_group,40b85a9a-49ed-4ab2-895a-c43be4f40ebe
Network_Admin,157390fb-5d9e-48d9-b491-2acb4c523a16
System_Information,dec1572a-3dd5-46b5-b4db-087a822a122e
Update_Version,1ff46104-d826-4aff-b77d-a787cd89077d
Visit_eSupport,8cfb606a-b869-44fc-9641-47af7ac03f1b
Preferences,a6c6d306-c8da-4df8-8440-33f2f24a9c1d
The_CV_Button,35caccb2-7ea3-4b54-af55-90bae347a1f4
About_Solid,5ced2256-3997-4e4e-8859-9824e2a20cd9
how_it_all_comes_together,1359cb76-61c8-44c2-9eba-b177be938e2c
Intro_Object_Snapping,1b76ea8a-196d-4b8f-a72a-3d6db86a4b5e
Keyboard_Shortcuts,8750d776-f956-47a6-874c-2dc5e3f89ef0
Understanding_the_Solid_Window,57b3d47f-75a4-49bd-8143-55ece48609f2
Using_a_Mouse_in_Solid,6aad7aee-39b5-48df-9e34-4ffc7eb5f963
Working_in_List_Views,288c4690-28cb-444b-b6ab-a4e1f4aebd51
What_s New in Version 12,fd518831-a3a2-4922-867f-f1bc611bf0d8
What_s_New_2021,7b916ada-05ef-47eb-8d49-1d7e2a7f316a
What_s_New_2022.x,91363747-b884-439e-a329-04e5fd458d74
What_s_New_2022_0,ba098991-b828-4bf6-838f-c2607356568d
What_s_New_2023,db6d9f07-886d-411f-b71d-22cd4675cc3a
What_s_new_in_Version_10,933e1527-fe75-4197-9a26-9e1436a27f72
What_s_new_in_Version_11,55f5519c-bef6-4dc0-b2fb-fa58ec16d9fb
What_s_New_In_Version_3.5,22a0cd61-2466-4a0b-95b9-542897f1d474
What_s_New_In_Version_4_0,fdd5575e-3c17-4b69-9531-0706e1e76182
What_s_New_In_Version_4_1,70557177-7960-4611-baf3-0e7d23b4c0f1
What_s_New_In_Version_4_2,67923b97-4e03-4793-8c2d-7b616db13a8b
What_s_New_In_Version_5_0,5ef78267-a3f1-40b4-8fc9-22b5f9b367ed
What_s_New_In_Version_6_0,658c0070-25a4-4e3f-9278-f27c345ce8b9
What_s_New_In_Version_6_1,6d864977-c5b1-4fb9-9f4b-d4ce7efd285a
What_s_New_In_Version_7_0,9472ee47-8a7b-4e96-bd45-3214100849eb
What_s_New_In_Version_7_1,4535bbb0-5daa-4429-9719-221ad2fdc4ae
What_s_New_In_Version_8_0,61f879ad-830f-4f72-96c6-fab324d71ad0
what_s_new_in_version_9,a55f8e6f-989c-4f6f-9e75-a5d41b298e29
JL_Creating_Jobs,2e24aee5-8ffc-491f-a322-45ce46c2c253
JP_Toolbar,a1ace21a-5ce7-40b6-af4b-8e205fb9a8d4
JL_Cabinet_Construction,d7782e75-15a3-44c9-b2f6-bd655d519497
JL_Cabinet_Doors,c00b16d4-c1cf-485b-8dfd-f8a0e24db50e
JL_Cabinet_Flutes,b0cff8c8-2a5d-44c9-9088-2ff39b77e08e
JL_Cabinet_Hardware,3c5f0e59-c063-486b-98bd-ef1ce1869261
JL_Cabinet_Layout,cfb61ba6-b4c9-4a53-819a-a4ee588937a9
JL_Cabinet_Materials,76001079-24fa-4a6f-a193-465113a8b432
JL_Closet_Construction,cd600a0c-84d0-4a7f-87c0-3025cde7d745
JL_Closet_Doors,9d5f6a69-7a59-4420-9f1a-7f095e1dbf58
JL_Closet_Hardware,fb6fc182-3c5c-4d5e-afc9-5dcec2fd3d43
JL_Closet_Layout,93a2c239-ebd1-4b4d-a6f1-91de03bbf0c3
JL_Closet_Materials,3b117723-ffe1-4723-9da3-37e629b703d0
JL_CT_Construction,69ad0041-b3c3-4506-83d1-2f1ae3d13b61
JL_CT_Layout,170aa6a7-fcce-45c8-b7e4-e52e0731d60b
JL_CT_Materials,daef8019-2841-4aca-89ba-82932056104c
JL_CT_Profiles,16fac32c-7b67-4ba7-939e-67bd19d329ce
JL_Comment,5144ffe1-60f3-4604-bd93-c9fdc3701309
JL_Information,d5f88ec0-9e69-49f4-a75a-16eae2e2707d
JL_Job_Attributes,1ef4f9bf-1f79-4c7a-a17f-ada26e780847
JL_Job_Notes,160436d1-5a8e-4e32-aa45-abbfb6beb5cc
JL_Schedule,4ff5899c-6dea-43d8-a99c-cd65a9c8a82b
JL_Molding_Molding,1376cfc2-f72e-4fa1-9a35-81b81e6d3697
JL_Room_Attributes,865cb834-a600-431a-b9d4-98fad740adb9
JL_Room_Finishes,11c07c60-bb56-4d5a-b436-618fa74daff2
JL_Room_General,289d1675-1948-4b4f-82c1-17ffeb53b098
JL_Room_Layout,d65e7a89-83a0-46dd-af30-f8784cccc495
JL_Room_Notes,e9497181-22e5-4545-8c6a-e4d76204375e
Part_Level,a76dbff0-4f86-4f41-b6f7-1cc521edc8a9
PL_SB_CAM_Face_Selector,f523a9ab-5508-4ea6-a8af-fce311b33242
PL_CAM_Layers,33b521f7-04e1-4cce-a5b0-f83a87f11eae
PL_Drawing_Group,b9e339c1-78fe-4303-ac21-7f891ddfdd31
PL_Insert_Group,bcb19321-98a0-4347-836b-a8a38d142f6b
PL_Main_Tab,25377d2e-3fdc-4931-aa7b-5c3588b8a469
PL_Set_Columns,e521df33-c66b-4609-831a-1de530f7578e
PLRB_Utilities_Tab,bc43d1e5-df1c-431a-9f06-a877f55bb68e
PL_Output_CNC_Ops,7ed1816c-4acd-4ff7-83b7-1db099414869
PLRC_Line_Item_Reports_View,79891d3c-5c36-4373-96d8-8f4e7b764f0d
PLRC_Operation,5b5cb884-6b9e-4464-a5a5-8f203cf8bf70
RCPL_Part_Ortho_Views,593fa00d-c4b5-4a2f-9054-e5a6178dd399
PL_Edit_Shape,2fe0d6ff-4390-47cf-ae47-f77da8459845
PL_New_Operation,137a5c89-584e-4b6e-aea6-ecc393515412
PL_Side_Bar,a814ca52-d6a2-4b0e-9b91-e08f837de879
RL_Statusbar_Menu,ab1790c8-4275-4839-a647-d5a131c27144
Room_Level,9eaa492c-0405-4da7-8e0f-a6ff4e047890
RL_Properties_Tab,a6c30442-7132-4380-80a2-1e42d637f9a1
RL_Edit_Group,c442daed-e295-4777-9383-500cb9f71f2f
RL_Help_Group,ea17224e-e897-4b82-9638-4553a6772fa7
RL_Home_Group,5a74f76b-a343-4105-b1ef-0479471e4455
RL_Properties_Group,7783a66f-629f-43ab-85c9-27e182bd7ccb
RL_Zoom_Group,e7615284-fc2b-4e06-92a5-400c3db012f5
Camera_Move,432140c3-9824-4356-b828-5d21f7e2e719
RLRB_Saved_Views,328fedc0-f847-478c-99fc-f369610fc54f
RL_Birdseye_View,d1c535b0-db34-4ad5-9af7-84659f1b1363
RL_Enhance_View,9296be88-1f9a-40cf-b9ca-eba8f723003e
RL_Move_View,c6f5f529-3481-42ad-8869-7aa053cc3f56
RL_Rotate_View,e23585cb-232c-45cc-accd-6b1f25c60814
RL_Drawings_Library,42693001-e896-4fb4-bab5-90f16894ad62
RL_Measure_Tools,f16b39b1-a7e8-4fd9-af99-0b437d3e2fda
RL_Modifications,8d7f5c8f-fa12-47e5-acb0-4a34f1bfb801
RL_Paper_Sizes,f3d97d1c-81ec-4fa1-bd9c-da475787ad3b
RLDV_Sheet_Selector,e5d6c1fd-2760-41a7-a67f-cff14635145c
RL_Edit_Sheets,80f31b25-c2fa-45f9-bdac-203e2ce17709
RL_Hide_Scenes,988e523d-0b83-4f74-84bf-d69b2d652c12
RL_Layer_Schedule_Selector,650d5b6d-2665-4a83-a33d-4176692f2884
RL_Lock_Unlock_Numbers,028a611c-3c90-4cba-bf9d-9ac17ed15d12
RL_New_Room-Sheet,3097216d-28fb-4183-a9be-5cb9120ccb99
RL_Render_Mode,9780083a-59ba-4e4d-a3f2-4e4fccf798d3
RL_Room_Selector,36b22278-3999-4222-8952-5e48e065afc4
RL_Set_Columns,5d38c564-2983-4f09-8cba-fb6452db3c17
RL_View_Mode,1a60f255-fc0c-44d1-a315-067a88c9918e
RL_Wall_Face_Selector,6aa624ef-6d35-4144-87b3-a6c53a50e20b
RL_Window_Mode,e2c47e6a-9bb1-4f69-a53d-aa4ce2e1050c
RL_Dimension_Styles,d23a3142-70af-4ddb-8b2d-86b6a6e5d5e8
RL_Edit_Dimension_Styles,093bf6cc-e682-4ac7-9979-6cf10fab334b
Part_Sheet,78d5eb93-73ca-44ab-9294-a7e2bc8205f2
RLLA_Assembly_Sheet,9c8e2b12-0f70-4c19-8d8c-a84158788365
RLLA_Wall_Elevations,c59abea4-424d-4647-9c18-7480dd906760
RL_Layers,bfe68937-3f37-4ce3-b3c5-5a417c5182c6
RL_Layer_Schedules,41b1dd33-6928-4b99-8d6d-4b7c042a3f92
RL_What_Are_Layers,c9e4d3b1-5b62-4378-84a2-962b86866d41
RLLA_Assemblies_(General),6b3ba5b5-49aa-4547-94ea-dd1743deedd1
RLLA_Assembly_Case_Section_View,55095199-578f-4fa6-86c6-0198e00fda60
RLLA_Assembly_Face_Section_View,89ed6735-c0f4-4f58-a2d8-c4d1e816285d
RLLA_Assembly_Molding_View,c0b08f22-244f-42e8-a77c-e01182e73d9f
RLLA_Assembly_Ortho_Front,eae03859-5bfd-424c-bdd6-79c5aa7414e5
RLLA_Assembly_Ortho_Side,80c63e32-eadd-4d05-8a96-407fc6b62cba
RLLA_Assembly_Ortho_Top,9cff75f9-a069-4ccb-a669-dd0a97540e43
RLLA_Assembly_Perspective_View,0c959629-7d72-4c00-a2b0-3755a3385652
RLLA_Counter_Top_Ortho_Front,ec90e084-f3a8-48a3-b471-e81499b41954
RLLA_Counter_Top_Ortho_Side,29e02203-6f1a-4270-9f30-790e6a161e8b
RLLA_Counter_Top_Ortho_Top,1f831c54-2098-4c4d-803c-2e69eaddbc56
Molding,819ba63d-e300-459d-b129-3708a2d1766d
RLLA_Annotations,e19cbe28-bb89-4548-968a-608043886c6e
RLLA_Hardware,e69c8fa7-a9ee-4ffb-8937-668917fc1f66
RLLA_Shop_Annotations,7bd261f2-8c9a-4e0c-ae45-cdce1f11871f
RLLA_Dimensions,8eba597e-b494-4a38-89b6-ffa9c68c6110
RLLA_Dimension_Lines,c28b8b4a-da39-421f-9e72-b3624186f48a
RLLA_Edit_Lines,b0ee5555-aab4-406d-b4c8-35b1f2760693
RLLA_Objects,e3f155d3-b0bb-4664-b79d-97a534b4a624
RLLA_Layout_Perspective_View,a22e4a2b-9e75-4237-8108-3454d5948d46
RL_Layout_(General),aba0584e-19fe-4235-9c5b-cdfe9fdf526c
RLLA_Elevation_View,fa090ac4-8063-49c1-a7a3-124dfd60eab7
RLLA_Elev_Molding_View,fd7b382d-5d32-4f14-93f5-47b0d3ae13a9
RLLA_End_Cross_Section_View,35f990ea-20c4-4575-a79a-531a3390f288
RLLA_Splash_View,a6ba4ab2-5349-4a0f-ae20-f6aa616bb25e
RLLA_Wall_Face_Cross_Section_View,e7012a6a-563d-4f97-a177-76782ef67891
RLLA_Counter_Tops_View,ddaab58e-9152-47fb-8976-f11a5e7bef99
RLLA_Floor_Plan_View,b0ba7b2a-854c-4837-aa92-0568caca7e06
RLLA_Horizontal_Cross_Section_View,0da69f27-b69b-4093-b50d-c9c2f4810c8e
RLLA_Plan_Molding_View,582cd30e-c36f-4e84-9757-314019e4dba2
RLLA_Vertical_Cross_Section_View,fd773416-aa46-47ef-8ce0-7bd5e2ad791f
RLLA_CAM,1e53b905-6b4f-4d2b-a556-6d01b7d464d7
RLLA_Ortho_Edge,1d2303fc-26f1-412f-97fd-b0c0e5bf89be
RLLA_Ortho_End,825fa892-179c-4112-85d7-23ada889ad37
RLLA_Ortho_Face,f451d170-2762-43e1-addd-9547903c3686
RLLA_Parts_(General),7e92e747-284b-4900-9a13-055ccc41934a
RLLA_Perspective_View,ec452509-ef6b-4ff0-ae2e-c972a6f839e9
CV_xRender,d57d38b2-df21-42c6-825c-8d7b59eee1bc
RLRB_PhotoVision_Tab,77a9d5b3-f4c1-4fec-9b1a-b1da53d09ff8
RLRB_Render_Group,556d8d3b-2bcb-4f69-8c62-0c72827b825b
RLRB_Saving_Renders,39e8815b-5ddd-431e-b882-bd6bda78a3da
RLRB_Sketch_Group,0c9fafb1-6739-468e-9b80-42645b05d0fb
Connections,f85b0a07-e86c-4090-84a6-53ebf5f0129a
Export_COLLADA,4ae70301-fa0f-41f9-aeb5-8203eb96a882
Export_DWG,12def2e6-dcb3-4d19-bae4-14745a8eaa9f
Export_PNC,54e047b1-f6c1-469c-a08f-e1f2007c77e9
Export_TEVA,39bb1b7f-7921-4895-929e-eb1d3e674418
Export_Vortek,7950ef4f-27fc-4f41-a326-27c5b81616b4
Leica_Disto,41693632-0a0d-4a82-ab61-74820d77404d
Leica_DXF_Import,d4c5c54d-a16f-43b9-869c-d160c7c89543
Leica_Modify,3b8aa05e-d640-4f8e-b624-71fec2bb5d97
RL_Export_DXF,5c27f022-1b2c-4193-ac21-c719c421e823
RL_Export_Order,2713ec0d-2443-49e1-86a5-92fc3e867a92
RL_Import_DXF,23a719d6-57fa-4339-a38c-6354d69e40da
RL_Import_SketchUp_Model,53fd1282-1975-4f55-811e-8e3d62ec310f
RL_Switch_Catalog,1652f6d5-3bbe-450f-a197-ddc70c41d841
RL_Update_Job,921d9355-2c52-43be-89d9-cbd10c8301f7
RL_User_Created_Standards,eaaddde1-a093-4632-abef-789a366a0bd6
RL_Utilities_Tab,2cc35c1f-8a3f-487c-adff-9e9524ccf97e
Export_ORDX,b4f57b7e-344e-423d-87d5-122b81863937
ORDX_Format,cc3a71f9-ba06-4b6f-bb4c-9725037f7876
Custom_Order_Import,67973320-460c-444a-a261-b17f2a262bed
ORD_File_Format,c271312a-f3e1-44fd-9e07-0068caab20b4
RL_Import_Order,304aff2e-0917-4515-b5c5-4b73ff0649b1
RLODF_CUT_File_Format,a504bd29-6201-4270-8540-a00afe4d9a21
RLODF_PNL_File_Format,814286ff-1628-4778-a39b-cd4794387fcb
RL_Output_Data_File,7987f656-11b5-4b55-b02c-bc0fbbae6c22
Specification_MatSum_mdb_Database,78c1dc1a-68fa-4075-8b19-99d604633717
Right_Click_On_A_Floor,ff7c9466-836e-4125-92a1-2a918f53ba82
Right_Click_on_Wall_Elevation_View,fa24d85a-c353-43bc-b38c-5b684878f0f2
RLRC_In_A_Corner,f2493ed2-03be-40ec-b7d1-d0a24e4e63ef
RLRC_Object_3D_View,ea288bb9-a851-47ef-ad9e-81a4931ad871
RLRC_On_A_Counter_Top,f1b21f88-5094-48bb-a0f6-86e01e85b081
RLRC_On_A_Counter_Top_Cutout,7d9f506d-8abc-40ea-a0f5-235962bfcef4
RLRC_On_Line_Item,4cc007a9-0528-4afa-8b5a-3173279ec3ee
RLRC_On_Molding,14e79b53-03bf-46a3-93b7-703249c141be
RLRC_On_Multiple_Assemblies,25717f38-1ad9-4bfe-a52c-610628e21023
RLRC_On_One_Assembly,be29a521-2d0f-4030-8911-87f747cacb90
RLRC_On_Scene-Page,2a1a884e-1277-4740-bf21-6082b5971a32
RLRC_on_Splash,736eca55-bbbf-471f-a495-cc575c2105b7
RLRC_On_Wall_Plan_View,d7979e24-0312-4722-9109-b5687a5aa11f
RLRC_Right_Click_on_a_Ceiling,15bb9d1b-ea62-447b-abee-7fe45f8728cc
Right_Click_on_Screen_Cross_Section_View,ef454825-7e7c-4dba-aa39-dde18bbecff1
RLRC_On_Screen_3D,0ad3196e-bba5-47a3-81a7-6da9389cca5d
RLRC_On_Screen_Advanced_Shape_Editor,1548e44b-5bce-4dc5-b4f3-d7f2186a6d76
RLRC_On_Screen_Plan-Elev,3ea2c40b-e3fc-4eac-9114-cf8a3365c62a
RLRC_On_Screen_Reports,2ec9e3b1-8b11-41c0-b078-de575d715d30
RLSB_Auto_Fill,c9c2afc7-96ab-4537-9c00-45a12528c4cc
RLSB_Available_Scenes,7534a4f7-8686-44aa-96b1-7ac305ab0a61
RLSB_Camera,8a544d5d-39b1-4aaf-8785-53d94b61314e
RLSB_Ceilings,f5462aea-3ae5-45e7-9ff0-781a1dac453e
RLSB_Cross_Section,fa95a209-9f08-4fbb-ac02-22fb0d7e5f9e
RLSB_Decore-ative_Specialties,69ea3379-074d-467d-9c9d-e1f2bd84ad67
RLSB_Finishes,2b18fe61-9e07-4a6b-8cbf-c066fd95327e
RLSB_Floors,89c9ee1f-fa34-401d-b62b-9e7fdb93161d
RLSB_Grain_Match,3bc7ce84-5b43-4627-a323-d974ca8328a3
RLSB_Lights,51646282-1cfd-405d-ab11-340e38effbe3
RLSB_Molding,b8bb4542-a70d-4527-b271-0e12a5c01e12
RLSB_Order_Entry,2d709712-bc8d-4190-874d-f9140d65da14
RLSB_Scenes_on_Current_Sheet,ecf128e8-79e1-418a-b025-8a4ea3be8aa9
RLSB_Splash,b29527a8-1297-4851-82e9-170edc822e81
RLSB_Textures,6a615e19-4bd1-4c68-be0e-68557c747175
RLSB_Tops,f78c6801-8dc2-496e-b62a-b47c77cec8cc
RLSB_Walls,59835844-0c7d-4e44-b35e-b3eca6068d0e
RLSB_XTernal_Link,6b81255e-3ecc-4327-9e11-f8483431aa5b
RL_Object_Tree,2c7d4eaa-6f3f-401e-8f80-0d64b24d99ca
RL_Select_An_Object_3D_View,3d57fca3-40e1-4439-adb2-61c483b154ab
RL_Sidebar,f07520a2-0645-4a40-b8d9-a72c15b5c147
Send_to_ALPHACAM,303a2a0b-2741-4562-854e-ff0a26ae5ff2
RLSBAS_Layout,74bc53af-870c-45fe-a30c-334d0d7057b9
RLSB_Assembly_Sheet,d4345c64-79ac-4380-9800-4b1b2d0076f8
Essential_Bid_Center,283fd745-4947-42af-bc55-1724acf2fc4b
RLSB_Bid_Center,9bf291cf-b833-4950-a899-2c17927d7a53
RLBC_Export_Bid_Data,5267d2b9-fab9-4518-a637-9253c6fe6d8d
RLBC_Filter,f2fe7969-fb00-4508-9e05-2b8ad326cba4
RLBC_Main_Tab,c6c033e2-e2c8-4321-8739-9d60cb8375ed
RLBC_Options,7e1302f3-f822-4514-8966-2dc56ceef32e
RLBC_View_Mode,a956a93c-6976-4d6b-abe5-332081492e4b
RLSBBC_Add_Ons_Tool,113ac637-8d93-4f52-944e-d3abb685fed8
RLSBBC_Internal_Mode_Tool,d53d04c5-9929-4f50-a90d-7b83595d804d
RLSBBC_Bid_Methods,4a3d36f8-0f2e-45c7-856e-38dabd76074d
RLSBBC_Rate_Tables_Tool,75afd026-8d15-4b49-a200-72ec4f8c216e
RLSBBC_Catalogs,ee421d8f-2076-4fda-830e-f869a81b172b
RLSBBC_Deposit,62d16082-c3d3-4f2f-aabd-3eed64007bcc
RLSBBC_Graph,baa715d7-2724-49e1-9dae-2d65347af65c
RLSBBC_Markup,4706ba37-3bb4-4cfb-aa57-5d5af4246352
RLSBBC_Side_Bar_Options,33eb0a57-6f7a-4ba4-8052-062912a84e41
Advanced_Reports,b9748a44-417e-4440-962a-02bb26b515fa
Advanced_Report_Group,21c91e77-cbab-42c2-9a4a-f379ed25cc1e
Print_Reports_in_Group,953997c4-76c0-463e-8773-d6472a9ae4ac
New_Report,989ec808-7a50-4d19-993b-07bda276f88f
Report_Name_and_Content,95fbea14-1d8f-46fb-89b1-d25c446882fb
Setup_Advanced_Reports,47cb9a21-dc59-4d74-9a8c-1bc062e95649
RLSBBC_Simple_Reports,752d49ac-38fc-41ab-a19e-94795d6fe980
RLSBBC_Simple_Report_Variables,cda7cd49-e8cc-4db7-9ad3-fc9cf329fabd
RLCAD_Right_Click_Options,522714fd-7dde-462a-abb5-79fd0e7bad8e
RLCAD_Selection_Options,5eb7a552-3b23-49da-8b48-6a50f2df37f8
RLSB_CAD,c364cda2-94c1-45c4-950a-125c6e19bd95
RLCAD_CAD_Automatic_Text,fa988f54-7863-4352-b1a7-3aaf7bca6e58
RLCAD_CAD_Layers,1e708006-de8a-46e7-9ece-5580cad3d4cd
RLCAD_CAD_Table_Tool,898ea495-fb9e-4b4c-8a77-b68b6e0609f0
RLCAD_Main_Tab,b2e0e61a-3db8-4e05-86e8-8de0e1729d3d
RLSBO_Right_Click_Options,229787a1-85f0-457c-8d46-c4a4ae873ccf
RLSB_Objects,0bd2a0d3-bb98-4ed4-a525-50de1e025937
RLSB_Part_Sheet,de9663dc-6e4f-4eaf-b1d3-3ee81f4e0da1
The_Part_Sheet_Layout,b4d34d64-de2a-442f-961d-05c7d4d16603
RLSB_Report_Center,f37a0f09-5935-418f-ad21-77bc271f86ad
RLRC_Filter,0413982e-4f15-4cbf-bd27-0c26c28fbddc
RLSBRC_Export_Report,78997160-6232-45ba-9676-2351792aa641
RLSBRC_Main_Tab,5339f99d-053e-4eae-88d6-3004f61f716a
RLSBRC_Navigator,1768b37e-6098-47ec-b034-79985e7b446f
RLSBRC_Zoom,31360c75-73b9-4294-b165-d26ea9029ab0
Pages_and_Directory,ff8ad353-e532-4108-b6c5-05a0f9b9fb24
RLSBRC_Print_Reports_In_Group,4faeaa94-8e33-417e-8315-02b7a820da19
RLSBRC_Report_Group,f61d2c46-9540-4ef5-93d3-a57bfae3279c
RLSBRC_Side_Bar_Options,08b2329b-a659-4016-b502-5e3a8cb12e7d
RLSBRC_Report_Name_Content,11664730-7bf0-484c-aa39-2fe153fb4160
RLSBRC_Setup_Reports,092f4a3a-8837-49e4-a08d-9148a095d93b
RLSBRC_Setup_Reports_Ribbonbar,897b0e53-7ab7-4805-ab0f-d2aa534e504d
RLSBWE_The_Wall_Elevations_Layout,69e66c65-79f5-4654-b9ce-e276aff5d0b6
RLSB_Wall_Elevations,4171ad63-e6d8-48fa-94a7-daf871687021
ManageIT,228a90a4-4602-47a1-b8d9-0dfb27f99c9a
The_Opening_Screen,3d95ed96-960d-4409-a11c-7f840095879e
SL_Help_Group,67444db8-d20a-4c17-bb0f-e289262e352d
SL_Main_Tab,3bbac75c-2b61-42af-9bce-b90335e66dde
Profile_Manager,bceb8950-2ed8-4ba5-be99-ee0693c6f226
SL_Machine_Catalog,d841c53d-05ca-484e-afc2-9db59d92aebf
SL_Molding_Manager,f10529ba-0568-4858-98c8-258ccf936097
SL_Tool_Catalog,7f38581d-4312-4247-8cbd-1b95c1d99e19
SL_Door_Catalog,2da09610-ccab-42a9-a5ce-4ad5fa83394a
Properties,bd6cf661-3a2e-4600-afa9-33a56ce45fa6
Section,e39a062e-4245-4be1-8ccd-733398711246
Intelli-Joint Viewer,1d5d5b0f-01d0-44d5-80df-f351e37ce03d
SL_Intelli-Joint_Manager,dfc885e0-a623-4350-a0ca-e68c08af994b
SLMM_Material_Area,6cbd077e-a108-4b70-8c99-f7dc097723bf
SLMM_Sidebar,ca2dde60-b199-4f82-b7d7-4d14cb21f1a4
SL_Material_Manager,2fed939d-ba55-4f35-94da-993f0e1b392e
SLMMRB_Alias,b7d7e9de-30be-4964-a4a2-b7ba5680ae3d
SLMMRB_Copy,b98097e9-355b-4d15-bdaa-46b59ddec029
SLMMRB_Delete,3ca5b7be-5e72-4100-b26f-5f42fc8d674a
SLMMRB_Finish,a377b5da-65f3-4cbd-836d-37d6b9bc5d08
SLMMRB_Finish_Type,1caf2c78-95cb-417b-956c-e6e986ec772c
SLMMRB_New,4cf3a5bd-1d52-4637-83d0-35f25ab668dd
SLMMRB_Return,b878e8e6-1ac5-457a-acc4-850441910729
SLMMRB_Texture,5b219bde-9151-423b-829c-071f7a823888
SLMM_Ribbonbar,afe34400-22a2-4d51-9383-a40dbf0ad041
SLMM_Vendor,8ce649b0-d364-432d-87aa-a8138b2f2e0c
Profile,b98d103f-95ab-4b88-b86d-d6a5ea4198f7
SLMMRB_Composite,607e53af-3013-4342-95e8-48c795a6ca98
SLMMRB_Kit,55ec4285-295e-4ecf-ac64-2acf86513c56
SLMMRB_Model,80226667-3248-4b47-b7ea-bc1e7f16cabb
SLMMRB_Parameters,418a1666-0be5-42b4-a9f1-b585950e49ad
SLMMRB_Properties,b92d2565-8c22-4349-8341-edd3def3b9db
SLMMRB_Vendors,ed3b4968-12b1-4a78-b222-a9db08d24be7
Finger_Pull,812db75d-c056-495c-a4cf-3d53e7e639ed
Shadowline_Rail,ad9cc855-9c12-4767-93fb-92ff162062b4
SLMMP_Banding,a7630d33-1a29-4e4d-b54e-e6b16c30e227
SLMMP_Board_Stock,91574e70-0e35-4ca5-b4b0-33382d0731b5
SLMMP_Caster,440a600c-ae6e-4aaa-a308-818be3df8108
SLMMP_Composite,cfaddc40-b5e5-4828-8bb7-ac27aaddfc7c
SLMMP_Connector,cfcbe9b1-8feb-45d5-ac6b-ae75eb0d21e7
SLMMP_Drawer_Guides,aee88f7e-5cca-418f-ac2d-2a2392fdf64c
SLMMP_Hinges,d808c9d4-af7e-4f14-830b-5b3ce733008c
SLMMP_Hinge_Plates,a95280c7-a23a-4c73-8975-6f414c829eae
SLMMP_Laminate,4b2419aa-15e6-47b5-9985-2f6bd03d699b
SLMMP_Leg,13806fff-7b8f-4101-85af-094baaa17d5f
SLMMP_Leg_Leveler,df6654f1-ccc3-4987-a063-dfba7aae8954
SLMMP_Miscellaneous,d27a4d19-93c6-4589-bce8-858f34c17ed4
SLMMP_Molding,21675ddf-9180-45f7-8c97-4823c35d6be9
SLMMP_Molding_Set,267b2c02-15a7-4304-86ae-bce462233537
SLMMP_Panel_Stock,19324bd9-09f9-4208-89eb-9a15bb3b8457
SLMMP_Pulls,90833dd1-a8d1-462b-bf37-a15497d3d9be
SLMMP_Rods,d94f56da-9459-4c49-a1d4-d789ed1feccd
SLMMP_Sliding_Door_Rails,e5520c90-c7af-4a21-baf3-981137acf036
SLMMP_Sliding_Door_Rollers,408d43f3-0f87-45b4-8970-7a954d3dc179
SLMMP_Wire_Baskets,2e9f4b07-13cc-4112-b097-9ba0ad2d210d
SLMSM_Assembly,dced9646-d932-493c-b839-76a3e71d1195
SLMSM_Closet_Rods,1592098b-cf3c-421f-b5d0-0fdb4b041dc3
SLMSM_Counter_Top,4401e0f3-697e-474e-adf3-ffa14fa4ffbf
SLMSM_Doors,9bd79628-7459-40a6-9084-cd8f5cfd0763
SLMSM_Drawer_Box,bfdd3171-3d05-4df6-a89a-cdc88d3469cf
SLMSM_Drawer_Guides,9da24cba-f8af-447d-8c3a-ec151e221d52
SLMSM_Hinges,299ec266-8919-4cda-be6a-21e8e2e8a9d1
SLMSM_Molding,0c624af6-f24d-4481-a936-5b7720dab33c
SLMSM_Pulls,4c2e70ae-b7cc-4b67-9631-e82d8197bca0
SLMSM_Ribbonbar,2dd19442-9af5-4019-b47c-e4b35bc22e3d
SLMSM_Right_Click_Options,dc2affc4-0523-44e7-af99-b24ddf2e15ce
SLMSM_Roll_Out,ed01978f-b4e1-46b3-845f-c4d5623a0f36
SLMSM_Room,d7d59dae-21fd-4421-b65f-82da46f65307
SLMSM_Sliding_Door_Rails,b1ed0966-db74-4310-b31a-9ebd5859f88e
SLMSM_Wire_Baskets,ef203b70-f9ec-4c09-84f8-9534ce5eabcf
SL_Material_Schedules,7a64057c-ee14-4724-b490-38009af08adb
Size_Price_Matrix,70a0b8a1-4e8b-4d34-ad2f-a1783cdcdd7d
SL_Part_Manager,f4a43f08-b40b-442c-8f03-a96c2a64640f
SL_Assembly_Manager,e4cbc02a-f458-4c6d-8725-3c8322a55d94
Assembly,8b8eb538-238e-4e6c-a59e-e983c45e0d0f
SLAW_The_Branches,7a8df42f-8364-4894-9231-81c8f24abd64
Connection,190e20aa-379a-4917-a647-6ad47f825039
conn_Adjustable_Shelf,305a650d-2ebc-43c1-a1dd-84192366b9c5
conn_Bottom_Rail,65084c98-f915-4b85-985e-8251cae6143c
conn_Deck,8ab6e9c6-178e-4155-91af-4e80d96a33b9
conn_Divider,e8921f4d-ccdd-4eae-902b-98e70e04cb0e
conn_Drawer_Stretcher,93990690-3376-4578-af2f-ccd5799a0d6a
conn_End_Stile,a5374b90-e104-4b27-abe3-ff1a1471d3f9
conn_Finished_Back,1f63c6c4-4e96-4f40-9215-55d1f79d53ae
conn_Finished_End,98334e77-be8b-4580-8e09-4ce04d95c2e5
conn_Fixed_Shelf,ec88ca59-4455-4790-9c89-8ddc5cd0c303
conn_Mid_Rail,dad4c70c-f0e2-4fcc-b4ab-79c899719130
conn_Mid_Stile,788bc5a3-1d47-4d3c-a6d8-55d5ab1d4ca8
conn_Nailer,4c0bd7ba-5baf-4a6a-b814-1c58fdb15ad2
conn_Partition,157ec898-6d25-4c82-95e6-7abd6da08528
conn_Shelf,ec49f2da-e96e-49ff-b8ea-3bc73c414830
conn_Shelf_Nailer,c4698864-7a33-4dd1-81ec-9fdbdff15906
conn_Shoe_Section,70cf0f80-88a5-4aed-9e49-c83769d586eb
conn_Toe_Kick,75ee02c9-f7ab-4f23-b266-19c981fe6210
conn_Top,c32f2aec-73f1-442c-aa0f-aaeae4f57ab5
conn_Top_Rail,ddb6f46c-67b6-47bf-be93-abf8393aa520
conn_Unfinished_Back,53b6e76f-f5d9-4b82-891e-70c58ff2cae0
conn_Unfinished_End,aecc183f-42d6-493b-9a22-81fc5df56c7d
Front_Skirt,7061a42f-dbba-4068-8601-d4eefce93502
Sink_Skirt,6e46f3a7-6ede-4685-b7dc-11548ba902ce
Skin_End,fdf0baec-24d4-47e0-b057-d2252d67c2fa
AW_Deck,e77723fc-c176-4e92-b2c2-9283b999204e
AW_Exterior_Case,2a3e8318-dae2-4522-9814-f7b1bde65ca3
AW_Finished_Back,d7098ad5-947c-4ac6-90c1-6aefd33e2535
AW_Finished_End,7cd4e669-7236-4491-bb99-671b0b7bc38c
AW_Reveals,3a33e00e-182e-449d-8fa0-b3e602a017ef
AW_Sink_Skirt,9c20beb3-8acd-4f51-b02b-add016bc1494
AW_Toe_Kick,f4fc27c3-be51-4293-8b6f-1b8a6671bbc6
AW_Top,5f65354d-b419-4033-8ad0-837ffa76d81d
AW_Bottom_Rail,6d44a145-1779-4478-b4f2-12fc971aadda
AW_End_Stile,cb1f1b29-9c7c-4ec4-a35e-c0815c5e4c16
AW_Face_Frame,8f59ef2e-0b95-4a40-a7e0-a9d36e5e2195
AW_Frame,8832c152-2de5-4efa-b033-c43cc57f0475
AW_Mid_Rail,2c27cf9e-022c-4d53-9ab0-67a56a7c9b71
AW_Mid_Stile,1342ab7f-e63f-498c-824a-31bb75bd3e51
AW_Top_Rail,42cb3d0e-cca7-42b4-96ca-0b73c80a01cf
AW_Adjustable_Shelf,9d870f4e-b767-4baa-a1dc-012dff55d89e
AW_Divider,39b57457-66a1-4ea3-9e95-831748c63f90
AW_Drawer_Stretcher,68f6d70f-1f07-4c56-be86-4afa27527966
AW_Fixed_Shelf,b186dfdb-79a5-429c-a580-46dd253c7b23
AW_Hanging_Section,9db0eb57-651d-4c1f-9faf-149f863892d2
AW_Interior_Case,53c6e181-a84f-4239-b5ed-656d7a312776
AW_Nailer,be586238-0238-469f-abb3-516cd1942fcc
AW_Partition_Branch,a87a96aa-3710-48d0-86ee-793c6f4bcf08
AW_Shelf,48000247-fe09-48fd-9815-1e2532c9580c
AW_Shelf_Nailer,a5752fb5-2088-4c1c-9064-77f0cbe810b4
AW_Shoe_Section,e9645e6b-d087-45b3-89e4-93569ffaef00
AW_Shoe_Shelf,a5da3e6c-361c-459b-88e1-95c260b85405
AW_Sub_End,09da938d-ecb7-4099-ba9b-2b5b871ba92f
AW_Unfinished_Back,1159815f-061a-42f3-991c-4c218d3952df
AW_Unfinished_End,39aa51f5-7d26-46a0-b69b-6aab562164fb
AW_Line_Boring,f4396e91-e17d-4f7a-b7db-fb84fe53ef3a
AW_Operations,cb3e19fa-2c7a-4b60-aa37-377b6adc542a
Machining,f947f5ac-588a-4dc1-97fb-11a9d3176d0b
SL_Counter_Top,9d89594f-c3c2-4f2a-a67e-d8461eb4dc40
CTW_Alignment_Holes,f0190bd0-26a9-4303-b6ff-5b59a0e61f2d
CTW_Build-Up,8ef4a973-72e5-439d-8df9-6e8a841cb705
CTW_Joining,d6c5cef3-5a38-4597-834b-02a04c60e2ed
CTW_Materials,3588e9fb-ac5a-4f7d-9447-330b45a63d05
DBROW_Drawer_Box_-_Roll_Out,0ce090fb-3d1d-400c-bbed-a30c2e8f2fa7
DBROW_Construction_Definition,fb1723e4-36a9-436c-94cb-70155cf489b7
DBROW_Five_Piece_Drawer,c08b0bf8-4db3-4419-a3d0-414780a15cd7
DBROW_Four_Piece_Drawer,9841de91-5643-44c8-b3c2-6922f7c91632
DBROW_Roll_Out,700c1d26-7e9f-49f8-985b-58f2d5af9d27
DBROW_System_Drawer,dcfade24-db5d-4e5f-bcb0-31300f89b73d
DBROW_System_Roll_Out,83b22835-5fbb-4a6a-b77b-55028b3fc2a4
Boring,3e23e9ca-3aa4-4df6-8da6-78640aba9721
Connector,58398677-83ba-485e-a378-2ce08b4e870a
Dado,02922774-5524-46f1-8ec1-2adc03a62b0e
Dovetail,145cb927-3a64-4aef-b065-f3459136c9fc
I-Joint,07b32acd-c12c-407a-851e-b6ada633a724
Line_Bore,8a6d2bd9-6fae-4748-9e0a-304d3756ae40
Mortise_and_Tenon,0b0880f1-d625-4665-a286-d3d4b751ed40
SL_Utilities_Tab,94979bff-d3a8-464b-9cdb-11ee66b83af6
License_Manager,4dfe4e2d-7bbf-4b08-92cf-21073d6f7bfe
Licensing_-_Getting_Started,555e4b80-e192-4c14-b7dc-2b68046a7206
Advanced_Licensing_Options,4dec2582-dc08-4433-b339-983e42644cc4
Commuting_Network_Licenses,b7d8867d-52d7-40d0-bf62-5255ebee301e
License_Profiles,0197876b-a287-495b-8e42-1c5e3bc2e910
Network_Licensing_Administrator_Mode,bbe465d3-1a8a-4653-a21c-25bbb2e074c1
Server_Setup,ee08b276-7365-4edd-b268-2a6cb89537a5
Update_Network_License,c190c88c-c9bf-4bc7-8cbb-4c72c5d0367a
Workstation_Setup,9ecff4a2-b9bd-48d8-a4c3-9b8b2e346af9
Briefcase,c43c37a6-e93d-48ab-8eee-3fcf1504f829
Debug_User_Created_Standards,cf46a423-9cba-440a-a9c8-f190731e5339
SL_Backup_Utility,f60036b5-a245-4d06-be70-aadde1f1c194
SL_Parameters,732c3654-3fc4-4e88-80b9-01c7cb38c0fb
SL_Setup_Package,cbc31d10-9e5e-407e-9a76-4d1f47ca99bf
Pre-Build,5014e88e-f060-44bd-8ff6-e9c5059e67d5
slucs_right_click_options,cb26aba7-893c-4e38-81c7-dec701a6bb9c
UCS_UCS,db3cc5fc-c4e0-45cd-bc5f-74f2e8778eaf
Code,5c4ada12-9a9a-4f21-bc25-6fefc1cbe9f2
Set_Columns,35f603ec-eff8-4b0e-9c80-88305322a9f1
Wizard,8354bc1f-67d5-4ae6-8b37-1dcf81ac5fbc
sl_ucs_wizard,3d284784-2e7d-4d30-8325-cd768aa9548f
UCS_Add_(link)_A_Part,9b9d882e-fd07-4424-91d9-a612c2a7fee5
UCS_Delete_A_Part,fe6fea72-cce8-42e0-8068-d8286de58fcf
UCS_Modify_A_Part,d745df8a-3471-4557-a379-cb11259b22cb
CAD_Dimensioning,ec9a2591-d5cd-4037-9e70-f1b82addf3fe
Install_Support_Folder,6cf45fe8-f267-439e-8bd8-49cc822e72ed
Overrides,ce4bdf63-ef44-4054-bb14-0e74dd05d3ea
SL_Understanding_Intelli-Joints,9e37e956-51f9-4251-ad74-f3741d767a20
The_Drawings_Area,5c936670-46c7-4c45-b988-75d2350555bd
TTFAQTBC_Rate_Tables_and_What_Ifs,5efd4aea-d16c-4ed7-abd6-5130b790ccf9
wall_dimensions,499883db-d77c-4257-9512-ab6006d3f8e6
Work_Planes,01768bdf-1599-438e-8577-4bdc4c540560
Adding_an_Object_at_the_Assembly_Level,05061b61-1876-4305-93d4-b09f0aa73a9c
Library_Parts,c3fc9dfa-199a-4ce8-9a43-7419e5441d89
Overview_of_Orthographic_Editing,62014ead-db2c-4c0d-b28a-93fc7856604b
Choose_a_Computer_to_Run_CV,7e9bf4a6-4ee3-4af0-b714-132f43fe587f
Perform_a_Backup,6ca7ac09-ea80-43de-8b35-8a901299c6a8
Transfer_My_Layer_Schedules_to_another_Solid_User,a7c63fd1-7203-4c61-9f2c-fe678776ba06
Transfer_My_Titleblocks_to_another_Solid_User,6d0ac40e-8e8c-4930-901d-a571985dbda2
Transfer_Standards,6798bfa3-293b-4d76-a9d0-279eaa8daed7
Creating_A_Dovetail_Toolset,f195e406-3a18-4655-ba1c-90fc840c1969
Drawer_Box_101,4ed9521c-327c-4fc3-8498-12a7c11d973e
SL_Drawer_Box_Sizing,8dc8d249-bf95-4e42-b01a-d8229c93d0f0
Add_Additional_Edgebanding_to_My_Upper_Ends,2a6be061-5eee-4338-a7b2-794388cb2d61
Add_Applied_Door_Molding,20769ca3-73f9-4deb-b386-13243dbe725e
Add_a_Panel_to_the_Back_of_a_Cabinet,f35f820c-8c53-4b17-a220-21694c89f484
Add_a_Sink_Skirt_to_a_Cabinet,ae49c504-36b6-45c5-8748-b669f38ffd15
Add_Locks_to_My_Cabinets,42c0d82a-22d2-4d44-bfa4-be7e28ca04be
Add_Shelf_Pins_to_My_Job,013a12d5-b6d8-40a5-8747-80bacc784a9e
Change_a_Sub_Assemblies_Sectioning,b481c925-429c-4c3d-97be-2e65e17ca4c4
Change_the_Construction_for_One_Cabinet_in_My_Job,62f8d318-d2b8-4329-8187-81b1565510af
Create_a_Blind_Corner_Cabinet,8fd49d7f-8c76-4935-a26d-4f67cafc4f26
Create_a_Door_Only_Job,956b4bfc-a924-49f0-be6d-aa8c17ac9d6d
Create_a_Flip_Up_Window_Seat,aec6d7a0-8326-4ede-9417-5623aa5663a4
Create_a_Roll_Out_Butcher_Block,e553d4be-b00b-406b-9e19-714756fc5959
Create_Wainscoting,8c16a782-a4df-4ce8-a4e5-f69db6a3561d
Define_Inset_Cabinet_Doors,6471c915-299a-4499-b523-5210c9103649
Fix_a_Part_That_is_not_Showing_in_the_Part_List,d63744c0-0007-420f-81ec-9df53c2f9c44
Import_3D_DXF_Objects,93f82456-c212-4777-b4b4-6f770410fd17
Import_an_Appliance_DXF,a04bdbc1-0f35-477a-9862-e3e711de2e2b
Import_DXF_Profiles_into_My_Profile_Catalog,4079d804-a7e5-4a3c-9d1b-ee83d87c1009
Know_the_Difference_Between_a_UCS_and_Part_Intelligence,e364f12a-0ff0-440b-9db4-7b6e0815d9ae
Know_When_to_Use_a_UCS_Parameter_or_Preserves,789805d1-0b10-41d6-a915-38b849c5343b
Learn_Formulas,7779dc42-ec41-4d14-b8b9-2a11731156b5
Make_Separate_Shared_Toe_Kick,6a43b206-e92d-4ad8-b591-6ecb57c2cd67
Make_Shelf_Pin_Holes_Show_Up,e413716d-0a72-494d-90c5-9057cf6e0b87
Make_The_Door_Cannot_Be_Built_Message_Go_Away,d44de6a4-053b-4db1-a4a7-ad31593bcd36
Place_a_Dishwasher_in_a_Cabinet,294d4840-d721-4bcc-9266-456f09ff106c
Remove_Horizontal_and_Vertical_Laminate,935d58b7-1f06-4910-b232-0481aae9bf30
Remove_the_Toe_Notch_from_my_Knee_Drawer_Ends,b6307bd2-1eee-4401-8bca-98c5f2305bda
Remove_Toe_Kick_from_Cutlist_but_Not_Graphically,fc06a180-70bd-47e6-8beb-bb326ecdd769
Select_Multiple_Objects_at_Once,8e6c5cb3-1d86-47c7-835e-6c093aab7997
Setup_Multiple_Drawer_Guide_Lengths,74637236-a8d7-472b-a7b7-0621066f5222
Stop_Parts_from_Being_Added_when_I_Size_a_Cabinet,46ff78dc-9805-4902-b987-00ade1ac0093
Use_Calculated_Fields,0601c7a6-8244-46a1-b1c0-104fd484b7ce
Add_a_One_Time_Amount_to_My_Bid,e9a0c367-9542-4aa7-b0d5-a0d921c1c54a
Make_the_Bid_Center_Display_My_Pricing,bdf85a49-94fd-4b1d-b96b-424278373dff
Remove_Rooms_and_or_Cabinets_from_My_Bid,5cf48842-5a6e-4d7a-afa5-5bb892cc49fb
Show_a_Room_by_Room_Breakdown_of_My_Bid,e8be1784-2196-4fe5-8450-e9aa2d2f791d
Specify_a_Deposit_Amount_for_My_Bid,af63ff4e-739a-4c9a-94d8-3ba11ae08121
Stop_the_Internal_Mode_Password_from_Prompting,3ffc04fa-8ae8-4e11-a6b2-9b8de970a1db
Use_the_Markup_Slide_Bar,7ac76a05-62a3-4ed7-9d90-f02c39ba18ec
Add_A_Cutout_to_a_Cabinet_Part,8ced4290-15c6-4cf0-9143-d9a47ece8738
Assign_a_Specific_Outline_Tool_to_a_Material,65bfe638-1a97-4d4b-853f-b07f359bf5d1
Troubleshoot_No_Tool_Found_Errors,678684e4-5bcf-419b-a499-8108fd235955
Troubleshoot_Saw_Booking_Problems,d2d8d8e2-7110-4721-ac09-32103e5f50fd
Change_the_Elevation_of_Countertops,03ddecc8-14cf-4085-9b3d-7f75631a746c
Change_the_Elevation_of_Moldings,d9dade18-96f5-491b-abb7-cb6dfd4b5d4d
Change_the_Pitch_of_a_Vaulted_Wall,a6058b37-c23e-411c-8cc8-4074f58f6892
Create_a_Multilevel_House_Wall,a1fde3d0-0a6c-47ff-9019-df3e6c3cab2b
Delete_Cabinet_Numbers,90ee8aa0-28bc-4e62-a825-db819750891c
Delete_the_Floor,da310ad0-96e6-4c6a-8141-39b3441cee2e
Pan_My_View_Around,943c32a7-4ef7-47da-8a4b-c02b9c06626a
Place_Shoe_Mold_Around_My_Cabinets,c7d24c73-198e-4297-8d24-4fd792fffa81
Position_a_Wall_in_a_Specific_Location,24882b11-cb63-4b38-9ae2-948816e8e442
Snap_a_Cabinet_Diagonally_in_a_Corner,29a8981f-e10c-4efb-ae0c-55cf46857c11
Turn_Off_Adjust_Sink_Cabinet_Sections_Message,e7010c9a-871d-4da1-b21c-84494cef702b
Add_Lights_to_My_Room_for_the_Proper_Effect,47c18067-9c41-4af2-b85e-eaec43dbfdbb
Align_Drawing_Scenes,47fb3e7e-a8a2-49c1-a8ec-a1129cc15b59
Autofill_Text_in_My_Titleblocks,42d4d73d-2bca-4209-ac24-3f603a1be482
Auto_Fill_Cabinet_Lights,3252e202-24d8-4973-9025-2a697a8822c4
Change_My_Default_View_to_High_Detail,9801f5ed-a80f-4805-a702-b43d01e29150
Copy_a_Scene_on_the_Drawings_Page,dbd9817d-b3ab-4f5f-908e-45a85adbf8ab
Copy_a_View_into_Word,d5954a11-00fe-42b8-ac3f-bb34a55be442
Create_an_Outside_Corner_Cabinet,5f7bec49-12d9-4ca2-aba4-809cefd43abe
Create_a_Mirror,0e2b3352-2eab-4e62-aae6-81a66941259f
Delete_a_Titleblock_from_the_Library,9b2041a4-d739-463e-9ad1-a738cd2067e0
Display_a_Slab_Smoked_Glass_Door,a7ee3fce-2fd2-4dd6-a9e6-2880c5303fde
Edit_or_Create_a_Title_Block,91f59374-cfb6-4636-b954-63643d4fbb25
Export_2D_DXF_Files_of_Solid_Drawings,2aa1c390-0497-4fc9-894c-f9a114d64409
Have_My_Countertop_Display_in_Its_Elevation,7956ad55-81b4-4135-b72e-c12d438b96bb
Have_My_Molding_Display_in_Its_Elevation,7ba854ac-82db-4d46-a027-9d0cdc3cc3c8
Import_AutoCAD_Drawings_into_CV,ad49342b-765f-4d23-8f6c-6d3322fa6e85
Import_Laminate_Chips_from_a_Web_Site,ab885988-e835-4f11-b003-5cc72cb65844
Increase_the_Size_of_My_Scenes,145fc3aa-d435-40e8-bdfb-0efb171aa9df
Make_My_Glass_Doors_Show_Transparent,dcfb72bc-adbc-4ff6-9f88-00f1e9664527
Make_Wood_Grain_Show_Up_in_Renders,87b39fdb-008c-4ef2-8e32-b02334ba8f0a
Print_Black_and_White_Only,1850871f-435f-41d3-8226-fc496b5a2445
Print_My_Reports_in_Landscape,27699fff-fdb8-4af1-b61b-fe90ab6a5e24
Put_Lights_Inside_a_Cabinet,7947db80-7270-4085-997c-d20ee21b86e8
Remove_Rooms_and_or_Cabinets_from_My_Reports,1c50f41c-4bd5-47e2-87f3-5585030ce9bc
Remove_the_Dots_at_Every_Corner_in_My_Drawings,8ec22151-9bc8-43d0-91c7-11e34d1aa930
Send_My_Clients_Drawings_to_Review,22908c6d-89e4-42d5-9a9a-0d2ca5399f20
Show_Door_Swings_on_Passage_Doors,042a508b-3850-4c60-92c8-f60adabd639d
Smooth_My_Renderings,1244b8f3-4748-42ab-9401-3a4c3f8f5135
Plan_and_Elevation_Views,87e8bd11-edca-48fe-9d44-3dabad2373f6
Resizing_Objects_and_Setting_Dimensions,9d837d06-b6f3-456f-b812-67f710f881e2
Internal_Part_Names,52684a8b-fbe6-46ef-9244-bdd096a1cb53
Overview_of_Parametric_Editing,859cf235-476d-4acd-bb0c-730ec35f6673
Part_and_Object_Orientation,7389ea41-e7c5-4b3f-bc39-a0c8925b81a0
Writing_Formulas,e053e14b-d9d3-4e3f-8ce9-155ce59cc03f
Welcome,9dd134d8-0141-472d-b9b8-e264bf38200c
First_Exercise,294542a6-b92d-4c57-ab46-1812c759d39c
First_Exercise_Formula_for_the_X_(Left_Right),871aa85b-bbda-47aa-b788-71820e8a8fa0
First_Exercise_Formula_for_the_Z_(Front_Back),5f97d5eb-ebba-4934-b2be-8b571e060673
Formula_for_the_DX_(Width),12a7dc42-afb6-4ecb-93de-8529469c260c
Formula_for_the_DY_(Length),b87f72a1-2591-472d-b1aa-c4c3dc0e3d9f
Formula_for_the_Y_(Up_Down),02c2c468-49ff-4b0a-bb4d-62825ef82360
Steps_to_Writing_a_Formula,b2d84749-364e-4a2f-aa1d-19ee33c71224
Troubleshooting_Error_Messages,a5d9fed1-9f52-4c28-b0f9-7e7f8187a29a
Second_Exercise,f29eb0a5-9dd2-4fff-81aa-349ba706c19c
Second_Exercise_Formula_for_the_DX_(Width),8f633816-8323-4a8e-8ad5-9eb2d1f5df1f
Second_Exercise_Formula_for_the_DY_(Length),879d7f44-f963-473f-9cff-e0f70da93ead
Second_Exercise_Formula_for_the_X_(Left_Right),bd9f52af-1d9e-4dc6-8642-cfe6ebf437b6
Second_Exercise_Formula_for_the_Y_(Up_Down),6d44a1d4-0d38-475a-95b4-f8dfa4067c73
Second_Exercise_Formula_for_the_Z_(Front_Back),b9d3ae9f-e783-4077-99bd-2de493f59a92
Second_Exercise_for_the_X_Part_2,0a16b7d6-4feb-4d74-9080-522d09c34f87
Second_Exercise_for_the_X_Part_3,813b7042-19f4-4555-94c2-b900f454060e
Third_Exercise,efb8cf6d-786e-4713-811f-f0f564b70865
Third_Exercise_Formula_for_the_DX_(Width),4b93514a-a2b7-4636-ac4a-c3e6d63bb886
Third_Exercise_Formula_for_the_DY_(Length),96bc86d7-d5fe-4e53-9c86-df121c123876
Third_Exercise_Formula_for_the_X_(Left_Right),a3651008-e214-4133-9ebc-cf7e2fda4cde
Third_Exercise_Formula_for_the_Y_(Up_Down),abba4b14-4776-40ca-8d07-310b78e623b6
Third_Exercise_Formula_for_the_Z_(Front_Back),70029b74-01a2-48a0-a753-3eddf9cb599e
zThird_Exercise_Code_DY,b1af4b5d-598f-4f99-be4b-d5e36e54110d
zThird_Exercise_Code_X,8e89a4e3-90a8-4fb4-bfac-cfd8946bfc61
zThird_Exercise_Code_Y,46020a3f-fdbe-4f86-901a-a47f8160b406
zThird_Exercise_Formula_DY,b8ef1c4a-f5c0-4ea4-ada2-5a98bf1823ca
zThird_Exercise_Formula_X,5e6e996c-cb95-4780-90bb-020a326b4d65
zThird_Exercise_Formula_Y,66f06e98-c51f-4b51-a2ef-bfb6a4878892
Fourth_Exercise,1be5be12-740f-4c1e-abbd-4c4842ed5f28
Fourth_Exercise_Formula_for_the_DX_(Width),557b76f1-8d1f-4d9d-b3f9-295cba186f48
Fourth_Exercise_Formula_for_the_DY_(Length),43fcc156-a33e-4bee-ad5e-d7a3adf0d56f
Fourth_Exercise_Formula_for_the_X_(Left_Right),1732ba64-fbc0-4dbc-b52e-a5e451b3d7aa
Fourth_Exercise_Formula_for_the_Y_(Up_Down),07f20275-e94a-483d-8718-5a439f050874
Fourth_Exercise_Formula_for_the_Z_(Front_Back),d9cc955a-36f2-4a0a-8818-8bd8bb589b81
zFourth_Exercise_Code_DY,79415c4b-c6e1-4e31-b11a-d6abda7d47c0
zFourth_Exercise_Code_Y,2aaf01f3-d60f-42a3-994a-6a93bd37cc26
zFourth_Exercise_Formula_DY,5d83aaee-1f94-4911-96ab-12048d7eb63a
zFourth_Exercise_X_Code,a5ee66d9-b93b-4bf2-9bb7-558caad465d7
zFourth_Exercise_X_Formula,c3a13d5a-402e-4541-a36d-ccb400fd92ec
zFourth_Exercise_Y_Formula,47109cec-931c-4cfc-a372-25d2f9fe40f8
Fifth_Exercise,edf57257-bab2-4c3c-9a3d-98e2adbef0ed
Fifth_Exercise_Adding_the_First_Part,d69827d2-c846-47f5-855b-72230810cf37
Fifth_Exercise_Adding_the_Second_Part,99f980fb-4d4c-400f-b7d9-999fb0837172
Fifth_Exercise_Adding_the_Third_Part,2ed9b130-4dc2-45e7-ada1-57aaecaa40fa
Fifth_Exercise_Formulas_for_Board__1,84c0a2c1-5f28-4940-8a7e-251071879ec4
Fifth_Exercise_Formulas_for_Board__2,8f151782-b493-46f7-81d3-7b28ea0f815f
Fifth_Exercise_Formulas_for_Board__3,ff330d7b-0c6c-43e4-ad62-b04f42f43d4a
Fifth_Exercise_Notes_on_Formulas,c22a296c-17dc-4822-9c79-e1944af09a51
Shaping_the_Corbel,c3fd876a-6226-4895-9ffd-8a6839ef1e51
What_We_Learned,46933e91-d9ad-4b26-8906-5ed426e3a8b9
zBoard@1_Answer_AX,c2e2295e-dea3-4fee-8693-8d28ca84e6ae
zBoard@1_Answer_DX,3b915fc6-616e-42eb-8068-5e6c783aa48e
zBoard@1_Answer_DY,fc4ad8ee-5291-46bd-8b64-ee7e23283494
zBoard@1_Answer_DZ,3b6962fe-c9f7-4bfa-8b20-c106deca3ab5
zBoard@1_Answer_X,5e915cb4-7caf-4660-9ba6-e5b741935ca4
zBoard@1_Answer_Y,2d02cdd5-f87a-41c8-bf79-73103db16612
zBoard@1_Answer_Z,53101545-6461-4f64-96bb-811b3a00e577
zBoard@1_Code_AX,389d15f6-6d55-4717-88cd-84dce439bda1
zBoard@1_Code_DX,5cd46f5a-ac30-4753-83fa-302926a4b889
zBoard@1_Code_DY,5ce93a73-ee5c-4cfc-bbef-7a7418ab1dd8
zBoard@1_Code_DZ,5b994c63-3efd-4ba1-857b-3254c627a194
zBoard@1_Code_X,07e26eca-cc25-43da-a990-ed1bd133189c
zBoard@1_Code_Y,bec32793-c818-4a3f-a3c7-83b7daba5612
zBoard@1_Code_Z,a0de706a-5105-44f7-9d7e-db16274af3a1
zBoard@1_Formula_AX,ff202bac-775b-4c72-981c-23761668eb50
zBoard@1_Formula_DX,17bf4ddb-71bd-494f-845a-95e108eaa434
zBoard@1_Formula_DY,24155f07-9db2-4462-9f47-282e40ede954
zBoard@1_Formula_DZ,fd235379-0769-44b0-8efb-0d66406b8132
zBoard@1_Formula_X,9bc20675-b3b3-496d-abbb-5d5aa2c1e0d9
zBoard@1_Formula_Y,652ea37a-1060-4261-a1fc-23b3b51704c0
zBoard@1_Formula_Z,5431110c-af74-41fe-9e71-4dacd682de0c
zBoard@2_Answer_DX,309a15d1-5742-4727-85c9-677f470d04d8
zBoard@2_Answer_DY,5c43feeb-86ee-42c0-ba73-5137bb405303
zBoard@2_Answer_X,0918b301-da2c-4d74-9f95-5a0e4254f08d
zBoard@2_Answer_Y,eb5f61a9-6c20-4889-a3c7-7e380103fe3f
zBoard@2_Answer_Z,dc008e29-c3c0-4441-82c7-68bbf325eb4d
zBoard@2_Code_DX,13cb1488-3c7b-43ff-8d72-24d825b2469f
zBoard@2_Code_DY,890f631c-ae8e-4102-8ff2-5fc3fd375488
zBoard@2_Code_X,0183c458-3510-4243-b539-4e79bee8d161
zBoard@2_Code_Y,4b81c673-f8e2-4be1-a01e-42651d4c4cb8
zBoard@2_Code_Z,d67173c2-51c3-4fc6-9710-2ef6776dae28
zBoard@2_Formula_DX,b852fdb2-3542-47bc-9469-6fbec7215c7e
zBoard@2_Formula_DY,c5086006-667f-445a-9eeb-4d9f044c64fb
zBoard@2_Formula_X,d7e29635-18aa-4166-b300-7959f0da05c5
zBoard@2_Formula_Y,f9d7892d-a8a4-4842-88b8-fc0c82006527
zBoard@2_Formula_Z,c724e0c8-20c0-4eca-a111-e5dfb4f5494a
zBoard@3_Answer_AX,67e6c3f4-5318-478b-b720-3eda0ec31e8f
zBoard@3_Answer_AY,bb4b4275-d8f0-413f-aef0-ca16c037583f
zBoard@3_Answer_AZ,42402b4e-12a1-459a-882d-bfbbd34e7e3b
zBoard@3_Answer_DX,216e7064-be01-4440-918d-14409313b108
zBoard@3_Answer_DY,19a862fa-8946-45f4-9b63-d5638240be75
zBoard@3_Answer_DZ,df1fb2fe-d7c2-48f7-8982-565bf254e20b
zBoard@3_Answer_X,b05295cc-aec3-49d8-ab05-7b010d07d3dd
zBoard@3_Answer_Y,ac0307d4-5b91-4b1d-aac7-b4e40519a36d
zBoard@3_Answer_Z,42e45af1-fd10-4397-bba0-e73ff5dbf753
zBoard@3_Code_AX,519355f0-06a7-4e2b-891e-df26bc486c18
zBoard@3_Code_AY,f8942e67-af82-4ce8-a27b-554abd5a5aa6
zBoard@3_Code_AZ,a49c7798-7aa6-44f8-839a-b8b7c594b280
zBoard@3_Code_DX,2172a97c-7d7f-403a-abaa-a9b7d6615500
zBoard@3_Code_DY,4819c989-9a81-46e8-afe3-75c8849c1f9a
zBoard@3_Code_DZ,12a66809-6a3c-4087-958a-e9638ff52187
zBoard@3_Code_X,8d3dd389-ac39-4890-83bd-5d7ec5a2a4fb
zBoard@3_Code_Y,40ce5d0f-b2df-493b-afa6-1d995e299717
zBoard@3_Code_Z,a24d8f5a-c419-4462-a611-43d77e40a7f1
zBoard@3_Formula_AX,92c81b93-7263-479d-aebd-efd733bbed4a
zBoard@3_Formula_AY,8ccf036a-8441-4e14-9b74-66157e6a7e8e
zBoard@3_Formula_AZ,a5b1eafd-35c8-4a54-af83-714aced9424e
zBoard@3_Formula_DX,da12c7ce-150b-4904-9a42-67286b5a4902
zBoard@3_Formula_DY,7e40f422-412f-47ce-b748-4c01acf85b43
zBoard@3_Formula_DZ,58e60a79-b0b3-455b-9624-c34bc648941f
zBoard@3_Formula_X,8baeeaa3-5a6c-4b6d-8a05-2a29cdee89c5
zBoard@3_Formula_Y,2a430287-7e9a-436b-be45-8b2fba805b7a
zBoard@3_Formula_Z,be696433-78c4-459a-8e44-186d53597a01
Adding_The_Front_Skirt,13564f7e-7ddf-41da-92cd-118ceba17278
Adding_the_Left_Skirt,29ef37d3-48e9-4af2-8680-8c36de8c2aec
Adding_The_Parts_to_The__Part_Catalog_,395fdcb3-1d86-452b-af15-764411af0c71
Copying_the_Left_Skirt_to_Make_The_Right_Skirt,97d6af9f-86a4-49b1-9816-8c921a2d98b5
Sixth_Exercise,0c501041-7c75-4f32-8937-92a596e0e585
Sixth_Exercise_Formulas_For_The_Front_Skirt,6d562fda-a37b-4efd-aae9-37a15abc0db9
Sixth_Exercise_Formulas_For_The_Left_Skirt,b3ffa6ee-8fab-47b1-a95c-0b3ef980120c
Sixth_Exercise_Formulas_For_The_Right_Skirt,e836a822-f18a-435a-b773-da2c78428cd0
Sixth_Exercise_Formulas_For_The__WT_,eec5ea59-4d59-41a7-a866-c13e7dee9519
Sixth_Exercise_Notes_on_Formulas,c724bbee-72b8-4952-bd8b-e45b1bca9e19
Sixth_Exercise_What_We_Learned,8f9efb5e-f7f5-492f-bc22-0a3416e0dce2
Starting_Exercise_Six,0b6b9de8-76d1-41bc-90c9-d4f2afe5815c
z6th_Answer_SK@1_DX,40f1f7b5-bcec-412c-ba79-49dfcbb5ed84
z6th_Answer_SK@1_DY,69431d83-e3e3-48ca-8b44-760fa80cd69b
z6th_Answer_SK@1_X,60ae3aa8-ad18-42c7-83d1-c80337982087
z6th_Answer_SK@1_Y,eca47bc7-e3bb-43e3-91a9-74adad186c77
z6th_Answer_SK@1_Z,a4fe5120-ab21-40cf-8db4-1f712224b9dd
z6th_Answer_SK@2_DX,8298774f-d901-448c-9920-a447b8abc89b
z6th_Answer_SK@2_DY,bb09ce69-8324-4922-846d-af224dee8961
z6th_Answer_SK@2_X,a3c45a76-772a-4a4f-9d30-8afe9343fcc3
z6th_Answer_SK@2_Y,035d3eb8-22b7-4e7b-aeb4-5246fa09bb77
z6th_Answer_SK@2_Z,554d99d2-4839-432f-84ec-167dbd7ba175
z6th_Answer_SK@3_DX,d447d59c-4a91-4514-9166-b012e7a45804
z6th_Answer_SK@3_DY,ee9e48c0-a327-4742-a806-aba677206a9c
z6th_Answer_SK@3_X,0de73fff-9bb7-4364-98b0-b71dac215ed8
z6th_Answer_SK@3_Y,230d1703-13e4-4ff4-ac03-7f161e8b340f
z6th_Answer_SK@3_Z,efdb5a3f-895c-410b-a46d-caf15a12b2d4
z6th_Answer_WT_DX,956031e1-123a-4a15-8323-845dc91912b0
z6th_Answer_WT_DY,e0c9b792-0a96-45ea-9e6f-2d0305721512
z6th_Answer_WT_X,afcea658-66af-49d8-99d7-9e3bfce48f78
z6th_Answer_WT_Y,97c40df9-14e9-4b2b-b99f-fe4277d7d7f6
z6th_Answer_WT_Z,b38baae6-b35d-4f17-9f0f-2b1a72cc56c9
z6th_Code_SK@1_DX,e7e27601-498c-4093-936a-63f4c6b7b69c
z6th_Code_SK@1_DY,564e5f22-a716-4b52-a2cd-ca4cf7e06f36
z6th_Code_SK@1_X,420750f5-0fce-4e7a-9b05-5a385063bfeb
z6th_Code_SK@1_Y,eec1fa45-3a4b-4f87-8442-837b8153a0fe
z6th_Code_SK@1_Z,5b03c88e-8209-4893-96cc-2d21b39aaeee
z6th_Code_SK@2_DX,6bbffb12-539d-40d8-bf7e-ac7e4cf4dbdc
z6th_Code_SK@2_DY,a8f9c30f-9a2e-4068-a692-3818d9c5e29d
z6th_Code_SK@2_X,10df685f-d9ef-4918-b182-9e9f414b9b62
z6th_Code_SK@2_Y,8e48b92f-caa0-451d-88df-a5985d152b9b
z6th_Code_SK@2_Z,4aea8e8c-5b19-40ae-bc6f-14e7b7e1cb17
z6th_Code_SK@3_DX,8d6c383f-b917-4e88-976b-e88099bd2a51
z6th_Code_SK@3_DY,35cb4f53-6f6e-417a-880c-02d3a4c628ae
z6th_Code_SK@3_X,5397850c-24fb-4d4b-ac60-509c834b9541
z6th_Code_SK@3_Y,4d08f201-cc6e-4721-9b67-9081b3cb33fc
z6th_Code_SK@3_Z,6585caa4-7406-46ff-86db-39c414733e8a
z6th_Code_WT_DX,765cdb7c-3458-4466-95e0-cf3d6339f876
z6th_Code_WT_DY,da0c6eec-f127-4022-b643-40fe3df0dbf2
z6th_Code_WT_X,77fea00f-56e8-4577-8e2a-e7cbffdfef6f
z6th_Code_WT_Y,47c0ac6a-2cef-40e3-8f35-eefead1a3ca9
z6th_Code_WT_Z,2114c74c-6218-4087-ab90-87a67929a113
z6th_Formula_SK@1_DX,1e102d11-e2ba-4ab4-92be-a6bb72861b6c
z6th_Formula_SK@1_DY,842760e0-501d-4a62-8050-99865a4d6570
z6th_Formula_SK@1_X,3cbcd277-2d66-44ad-9fcf-2b7ccd1179a5
z6th_Formula_SK@1_Y,c5f49d68-fd71-4220-9096-b2dc2ae10ead
z6th_Formula_SK@1_Z,b228fc20-c472-42ea-99c1-28a6fa40ca40
z6th_Formula_SK@2_DX,282a6c27-3bcc-4a43-94b6-fb43a0af8c9e
z6th_Formula_SK@2_DY,58c87b99-2f12-4228-bb11-d91b3c5a1335
z6th_Formula_SK@2_X,1ecff62c-1fd2-40dc-bb14-f7c49daefb37
z6th_Formula_SK@2_Y,97eeab39-2169-47fc-896b-4f00cf498e34
z6th_Formula_SK@2_Z,10d4c91c-213e-40a4-9431-e2b778a30116
z6th_Formula_SK@3_DX,0077cd6f-92a2-4edf-a92b-e2622540b79b
z6th_Formula_SK@3_DY,4dbd00b8-7583-456a-8c94-171bd10fde32
z6th_Formula_SK@3_X,e051a201-ff7b-49ea-bc7e-46c796a5160f
z6th_Formula_SK@3_Y,90bc4f08-a0d8-43f2-a8f7-5d72eff24e22
z6th_Formula_SK@3_Z,dde70e11-99df-4845-8680-d7cc6519a581
z6th_Formula_WT_DX,2b864119-1e30-407f-a183-46731671a841
z6th_Formula_WT_DY,24297916-472e-48c8-90d8-65e2f662b81c
z6th_Formula_WT_X,1567903e-bc2c-4414-83c8-f29deb6aff95
z6th_Formula_WT_Y,24c65768-f1bc-4f88-8948-15296d2ec7ed
z6th_Formula_WT_Z,002e5a89-90af-4ec5-9b4b-793f1d907cc1
zAdding_the_Left_Skirt_Answer,350c4e3d-6c86-4fe4-a15b-d5c8e831e6ae
Formulas,7507ab4f-5fb4-4223-8d40-0b7e716bcbf2
How_to_Differentiate_Between_Multiple_Parts,6af2f58e-cb42-4a11-9a0f-2e27aa570a7c
Nine_Basic_Parameters,992d1100-291a-4d28-80e4-ecedaa06d87a
Normal_Orientation,3cb8e90e-a19e-44f6-87c3-1c457fde488a
Operands_and_the_Order_of_Operations,a4a11f84-44ba-44b9-b23b-8918d38f9d3a
Positional_Parameters,e3b5c343-a70a-4deb-8ee8-552e8085f78d
Positive_(+)_and_Negative_(-),64c51c6d-41bb-4c01-b6bd-3fad3d4ef8c7
Reference_Point,c7f4e3bc-714b-43a1-a073-f916a4c2eda4
Rotational_Parameters,08968b11-dcc5-47f4-a3e0-afbafcac65cf
Sizing_Parameters,636bc910-3667-47fa-880c-64f9aa58e5da
The_Object_Tree,675a15ae-6ef9-40cd-9966-7aa0033a7a7a
Tracing_Through_The_Tree,f9b924e5-7c36-4eac-8828-a79ff754570f
Types_of_Orientation,e6158ba8-f6a3-46db-8976-6bbdf5fd8791
Adding_A_List_To_A_Label,b44a0c86-e44b-470f-95e3-d6986ed0d539
Copying_A_Report,a7b10421-7f58-43b7-87e2-160d423ca60e
Creating_A_New_Report,ac61d0e5-2522-479b-b44f-a77cde00d149
Editing_A_Report,e36972e1-79d2-4bd2-a05e-7ebf2dc8fa29
BidData.mdb,0c5124d4-e71b-489b-9577-1906653284bf
CVData_mdf,3a22a72e-004d-46f6-a5e2-bf5cb1c82317
ManageIT_mdb,026b7457-f223-4e21-9f7e-b920c5a086b3
MatSum_mdb,b2e6093c-707c-4945-90c4-06bcdf727d4d
Specification_Report_Database,9ce79585-7beb-4aef-be60-f10582deb050
Door_Matrix_Pricing,a9b36abf-3953-428e-82f0-00044a38b1be
SL_Door_Sizing,5430aeaf-8be9-4338-ba1f-505341ecf284
Creating_A_Drawer_Front,320d7290-bb7f-4fdb-b9e3-ed67771c3f85
DC_Inside_Edge_Profiles,9699cc3e-8177-4d7c-8dd1-72bd718f0b6f
DC_Shaping_the_Top_or_Bottom_Rail,9259260d-891f-4cde-9809-fbe901d221a7
DC_Steps_to_Creating_a_Door,db864f89-f9c4-4361-935c-240c56ebcef5
Arched_Flat_Panel,ec1b9de6-4a6c-49aa-ba4b-ce30678642d7
Arched_Raised_Panel,db5276c5-9c9f-4900-9b13-73dd1549292e
Door_with_Continuous_Pull,2ce890a7-997b-4170-bd8c-715bd9ea3099
Double_Arched_Flat_Panel,5473b3eb-f519-45d6-84a4-82fbbac8c244
Double_Arched_Raised_Panel,79dc156e-5876-4102-bd21-dd5d6bbb0f93
Double_Panel_Door,a49977e0-872d-455d-a00f-8d3e87d6bb88
Frame_and_Panel-Butt_Joint,df62b9fb-408f-489b-8185-a3c8c2d300eb
Frame_and_Panel-Mortise_and_Tenon,d05106e5-1e19-4fcd-8447-3cbec20c590f
Glass_Doors,3e65d556-5935-4064-a8de-9f02ecb78044
Laminate_Door,a0fed6d6-1a97-4a25-ae87-bbaa294008b5
Odd_Number_of_Panels_Door,a733e8eb-020c-4c73-bf2f-af4a8fbbee93
Plywood_Door,5eaa63d4-3483-49c7-9fac-1254c23893d0
Solid_Wood_Door,1127db40-6a53-4387-a44a-e39a04e3aa2a
Solid_Wood_Door_with_Top_and_Bottom_Braces,db2a4ff5-2249-4666-9bc3-10e2a6fe3254
Square_Flat_Panel,8ef471c2-efba-46cf-8c3c-cc776e0fc2de
Square_Raised_Panel-Cope_and_Stick,5522d849-922d-4615-bebd-724b90d5fdf0
Editing_Assembly_Faces,13fb2d74-ec34-4d73-9389-a2b5b226a0e7
Editing_Assembly_Interiors,6f790c9b-0bd3-4ce6-918a-50f67cc1d4f9
Multiple_Faces,cfe6e251-e2fd-40a2-b556-1bc30f4c8b6c
Overview_of_Assembly_Editing_,fdd2a3ae-e9bf-4fdb-99b9-8300a36412e1
Section_Face_Section_Case_Logic_Transfer,7a26af93-479b-4a4a-b3ec-b3dbde4236c9
Constraints,afc380bc-16e1-4555-9193-7d73e523bf8d
Constraint_Tutorial,fb89246a-4580-4601-b7a3-f2b762ec77c0
How_Constraints_Are_Automatically_Applied,d4d73539-7e16-4b30-ba4e-2d42501eecad
The_Shape_Editor,44e32c02-bc4b-47e1-a681-21c422325448
A_Breakdown_on_UCSs,ab489e60-ddc1-442d-b43a-701ebf17a7dc
Functions_and_Operators,64910180-651d-4a1a-a6a9-ff64f36e7ea4
Material_Parameters,a327134e-d911-40eb-b025-8cca2395d5b7
Public_Variables,cde418ed-f684-4bde-964a-8e561b69b6cb
System_Parameters,a4e1b750-0c06-4170-b06e-a29aa6f022c2
UCS_Evaluation_Order,431476be-aea9-433e-a9c4-cddc18e6c927
JavaScript_Functions,11c79443-4f9d-4113-a606-0d195828557a
JavaScript_Libraries,f4577f73-c2d7-4c2a-af29-ba0cb5e358d7
JavaScript_Object_Model,73fe6410-b796-435a-ae71-5dcfbc855c76
JavaScript_UCS,efb9539a-1f9a-4b2f-bc25-05b96effcf7e
Add_Line_and_Arc_Routes,0fbccc6f-4d02-4836-a01c-45a40f913cb4
Add_Non-Graphic_Accessory,aae2c06b-8b21-455a-9198-aa2115733fef
Select_a_Part_3D_View,37daad08-a712-46ff-a4d9-bae257a5dfc9
About_CM_Help,11af3efe-ac8d-49ce-9f01-5cf943ccc8e7
solid_startup_group,ec7015d2-171e-47fa-983d-b845f3b7dda2
SL_Solid_Button,97f79ce6-a63e-47d0-8307-683c21f6052d
Working_In_List_Views,2f50b198-6747-45fe-8ca5-806acc71a9d3
Properties_Tab,7218517f-1414-4dab-b4d2-b312bc40526b
RL_New_Sheet,ada780d6-4b2f-4f9a-9f89-727f69678082
RL_Wall_Selector,b714365a-2a19-4d19-b492-55c8c4a544f6
Export_Collada,db3dad64-331c-4205-8fe6-40ac5248a5f8
Camera,c44ab3b0-7b1c-4e7e-bd57-7d6621d53e12
Select_an_Object_3D_View,1182a86f-762e-4210-b7d9-d432e05d054a
The_Splash_Screen,4450866f-fd9c-46df-abf3-7843c5a1ef37
Door_Propert,ca08b957-404a-47c7-8868-4fabc04de6f0
Secx,ebc32cc2-8fe9-49ec-a5ae-ecdbc244c9cf
MCE_Finish,4bee5d7d-8710-4804-a69d-48af21e64e11
MCE_Finish_Type,4b7b778d-79e3-40cd-b945-3190bc716d57
MCE_Texture,aa224566-2adf-4eb7-a169-5b2371d5571d
SLMM_Return,00144f81-4cd1-4bb5-85cc-7bcd1bdf899c
SLMM_Properties,5be8302e-a5e4-4981-bede-bc0d03f2f3cd
SLMM_Banding,6fa50f67-fbf8-4e66-9990-50a8dc9482a8
SLMM_Board_Stock,7faad332-5e1f-41a3-890a-da11b075dab2
SLMM_Caster,c6c6b73d-436f-4cc3-9dc0-bb4601293eda
SLMM_Connector,562fdfd2-224d-41f7-bf50-bc2370dd28a6
SLMM_Drawer_Guides,7e99a588-35b3-4a1b-b867-be319347a239
SLMM_Hinges,6fb1782e-5d60-4ae1-9801-55624a1651eb
SLMM_Hinge_Plates,01864ab2-8817-4b30-b6ab-d858ab428048
SLMM_Laminate,02e139d3-d832-42a2-8ea5-1da6dc3d89a5
SLMM_Leg,0b2d6cd6-b7a6-4662-9cf1-f84001910755
SLMM_Leg_Leveler,3687e51b-0e3b-463d-8b31-547700f5b190
SLMM_Miscellaneous,bdf8b7f0-ec6c-4153-836d-eb05792f2aa4
SLMM_Panel_Stock,48e715e7-2e40-4db5-a022-3e16e2cb2677
SLMM_Pulls,a8ff9b72-ddda-41e8-b5bc-53edd6ee76f6
SLMM_Sliding_Door_Rails,086accf9-611d-4705-8c4b-602f5a0b449b
SLMM_Sliding_Door_Rollers,2d979a83-2f0c-4465-9528-cccbc2fab70b
MS_Assembly,d549fa6c-c6de-4ac1-9837-a3bb3e6af7a5
MS_Counter_Top,50517e2b-9dc7-4c8a-9e3c-2bea39a66706
MS_Doors,94b9f888-f73f-4e07-b5c4-a992aa50b3ee
MS_Drawer_Box,a3544522-eaec-4c37-8eca-98fb128990c0
MS_Drawer_Guides,8596e3db-054a-4eb9-b724-6b6fca567e27
MS_Hinges,5ce8230a-842f-456f-9f66-3b5f7ae45be7
MS_Pulls,a465c0a1-6368-4a1c-a3ca-7464612d29bc
MS_Right_Click_Options,1a64727d-4019-4e30-9c62-deaf7c8f212f
MS_Roll_Out,439e7638-f3a7-4998-a96a-79ffd8fd49fb
MS_Room,cf3aae71-eba1-438b-ac18-c6867f001d85
MS_Sliding_Door_Rails,1124e2f5-b1d8-49d7-a0ca-e7f455171ee7
SL_Assembly_Wizard,6dcde6cd-5026-4a03-830b-fec7a1ea4630
Adjustable_Shelf,15f1234a-ce22-4ee8-8a67-ee737489a9e5
Bottom_Rail,5536c2be-12a5-4fe3-8f8c-72e2bcad06d4
Divider,75161b43-27d7-4049-bc61-f4d71de9eb4a
Drawer_Stretcher,efceba8d-15c2-422f-80ed-76f06d22c3e1
End_Stile,d7e1a988-55af-4939-a0c8-a8e2e2da22f2
Finished_Back,91d44d4c-4b73-4593-b6d7-94266d2fe94f
Finished_End,f3e7d7b3-9580-4e83-bba2-ec864143bdb0
Fixed_Shelf,6e7332e5-3d8c-49ff-9fb8-327cd7187665
Mid_Rail,189b7d06-2915-4d76-8f94-8906d402987c
Mid_Stile,cf269544-7404-4174-bc5f-8fec804daec2
new_topic,6f070c5d-9cc1-4b56-b1a4-7c1f9184513c
new_topic1,68f3091a-2c23-4de6-b9b6-22d39a0d20db
new_topic2,5aaaeae7-5474-4ecf-8409-f74357a9f81e
new_topic3,a7bf05b7-7373-4375-bc9c-5e1a89a11150
Partition,2db195be-b1e7-4454-8482-91f83443aef1
Shelf_,ef1c7c9c-e2f2-47e5-942f-9fb1a8730e79
Shelf_N,76950bd4-040e-4173-bb5f-7e8da8ba9f94
Shoe_Section,566c3490-b3d0-4ca6-8ace-9eec6dddbeb9
Toe_Kick,043052b1-fe8f-4c84-9a2a-5ce39fc6cf2b
Top_Rail,5ab547a4-2bff-44be-bb22-472927537e82
Unfinished_Back,4d0f99cd-89ca-4681-8930-8e0b9aec6fe6
Unfinished_End,b89a1e5d-d050-4943-8ce8-494c28cef716
AW_Bottom,a8b6e6cc-145c-49e9-b396-fe670589f460
AW_Machining,f7714881-814c-43a5-bac7-8ebebc8be2b5
DBROW_Drawer_Box_and_Roll_Out_Wizard,020811aa-fb56-4b1a-8d29-51bf53c40ec6
I-,2b8f4c9c-3867-4d51-abb4-5b55ac91040d
SL_Authorization_Code,a743f075-ff2f-4670-8082-f7a7ecf32d80
Choose_a_Computer_to_Run_Solid,99a3accd-481f-4232-a15a-912518a892b5
Change_the_Elevation_of_Counter_Tops,86f094d3-8b99-400c-a47b-141124011111
Square_Raised_Panel-Cope_&_Stick,9bf08442-8f49-4c02-916c-6afafebb4b2c
About_Solid_Help,8d4d7e87-c33f-439b-a17d-e86848ca8379
Whats_New_2022,49d51f0a-6d0f-4ee3-ae0e-70da63ddc7a8
Door_Properties,cbb1df1c-4c2d-4264-bb29-47521f609685
Ribbo,8ab90fb7-f11b-4186-889e-78a93e65f026
SL_License_Manager,194ea14f-d17f-45a9-bd8f-37afe99dd4de
Square_Raised_Panel-Cope_-_Stick,f55ea467-f9ce-488a-ae80-846c21d06d58
DC_Associated_Doors_Tab,58efc97e-b80e-4847-9b04-ca6f3616548b
DC_Construction_Settings,85a260b9-0533-4f26-bee2-ad6fce8605eb
DC_Construction_Tab,4a6c7892-2fcb-4dc3-b6f2-fa84ec76bf4c
DC_Door_Catalog_Categories,47a5eda2-1110-4217-a0ae-cb376916c8ce
DC_File_Menu,2e25ff21-1b0a-4d66-be31-5c4538e809c0
DC_General_Info_Tab,d1faae4f-ff5c-49e5-95cf-756c3c48e318
DC_Materials,b1b2b0b9-168a-4751-811e-13ee2332681b
DC_Material_Tab,d23137a4-bc4e-4584-8c70-1e39159e3313
DC_MDF_DoorMaker,0aac28ed-106f-429b-b91f-a8e42061e7da
DC_Profiles,58bf93c0-395d-4fa5-8f99-421042b7e8ea
DC_Profiles_Tab,30548728-b249-443e-a3a1-d2fe5dd65ec8
DC_Regenerate_Door_Icons,8501296b-85c2-4790-83ca-7244778793e8
DC_Setup_Menu,ae5e745a-d767-42f8-a2fb-aa2db451c593
DC_Toolbar,fa905072-7834-4cbb-b770-0ebfa4d917d0
DC_Use_Door_Template,f6f09e9f-c0b8-40b7-bf49-9f8204b46728
Door_Catalog_Shape_Editor,23fb8a04-a3d4-4605-8339-5532c0e8af89
RLSB_Post_to_Enterprise,ade2f06e-727d-4975-8697-cfd7ed852aa5
Specification_CVC_Files,015d42f0-1219-4ec4-ab8f-965cbefe8470
Specification_CxConstruction_Database,31843376-73a1-4fa7-9597-a4cdf8f5b9f8
Specification_DDB_Files,4e3774cc-a048-4687-a005-4da95b775609
Specification_Drawing_Database,d503e789-a942-4e00-a112-80222fa388ae
What_s_new_in_Version_7_0,7fe3f9b2-d307-4c86-aa78-b50be4b98f77
What_s_new_in_Version_7_1,62057a0e-76a2-4089-84af-4eccd8f93e07
What_s_new_in_Version_8_0,a116fdd4-58ea-46c2-b771-a724dbb6edfe
what_s_new_in_Version_9,8cacaa7c-8590-499c-afe7-ebb2351ecbf0
DC_Right_Click_A_Panel,470ca11a-1e85-4637-a337-6095c1fdc75b
dc_right_click_a_rail,6a76e843-7165-4247-ad41-1fdbf0737ef6
dc_setup_menu,e6871af0-da9a-4b9e-a604-2dcf51f72624
Add_New_Finish_Color_from_a_Scanned_Finish,47e535da-7ab2-4324-aa46-581fcda88de3
S2M_Center_Products_and_Add-Ons,138be97a-1904-4435-9301-ef06a8eb1524
S2M_Center_Views,65729ffd-159b-428f-9fa5-ae5af66bcaa6
S2M_Startup_Group,de70718a-288c-4714-855b-0a38533d7be2
Using_the_S2M_Center_Help_System,5b6b2507-2048-4c04-9de7-4b631631d896
Dynamic_Snapping,8f613db7-aaad-442d-8a76-4ab1a601c5d7
Patterns_Print,391c650b-dead-426f-8e9e-e8432a8881fa
The_S2M_Center_Button,e44939de-1c6f-49ff-a166-27531da3d991
About_S2M_Center,2afd4f5a-7f0b-4d43-9574-69d3e8b87540
Understanding_the_S2M_Center_Window,89b75d7b-fdd8-4aab-880e-c3d5f93759ed
Using_a_Mouse_in_the_S2M_Center,ed9fe117-2c68-442f-ae7c-911b981be33e
Whats_New_in_Version_10,14fa135e-27df-48b6-a4e2-4fc42d6ea48e
Whats_New_in_Version_11,aea1183d-72ee-462a-8815-a30cb9a90def
Whats_New_in_Version_2_0,1999df8c-dcb0-4a9e-920c-0a522bc672ae
Whats_New_in_Version_6,2dbb58bd-9f35-425a-8792-553e1bec20c2
What_s_New_2022_x,0a462cfc-b189-482e-a63b-efd35fa074b4
What_s_New_In_Version_12,983c9c1b-bba7-4a58-bbfb-3cae8cb9ffef
What_s_New_in_Version_2_1,5c3421c4-0d77-4385-bbe4-5e175a6d0645
What_s_New_in_Version_2_2,48b5ac9f-6a27-4862-9c93-6aa54df632ff
What_s_New_in_Version_3_0,b89ab1e7-a4de-4c2d-87a5-f3c50bbc4c04
What_s_New_in_Version_3_1,ef181e60-4f23-4078-ac9e-8b39fd24eb2d
What_s_New_in_Version_4_0,7c0ffb1d-199a-498b-9bd3-f6748cd0e2ad
What_s_New_in_Version_4_1,a2e9036e-18bf-4d81-be4b-ac9be3388150
What_s_New_in_Version_5,89df1604-aa71-485f-b929-7b069fcb5867
Help,91dbd6dc-e6a9-4304-9193-ad73bd518891
Import_Cutlist,56f43cbe-597f-4ac2-b6c0-e5d97ce675da
Main_Tab,e503da66-da01-46da-9eb4-b9be1777bd3d
Measure,bf19ab70-be5f-4ee4-93f3-0f9200852f80
Part_Library,2540414e-6a90-4d5c-8cbf-359801fe1e75
Pattern_Navigation,09995bfc-4023-4464-a3cd-7cd1773af6ce
Render_Mode,b51f976b-ec66-49fc-b7e7-63e0c249d37c
Return,eefb8cc2-6551-4196-b183-31d666da14ef
Update_Offcuts,3f6acba2-7829-4a9f-9a4a-55910f674259
View_Mode,6f7c38b9-a3cc-4f53-878a-047abf8772b1
Zoom_Group,dd9fc58d-4386-48a7-bdd6-61ace173c4f2
Import_DXF,9810a671-2436-44dd-a30f-4d6492c510ad
Blum_Dynaplan,14988b2b-caf4-4d95-b403-d2b3925cc8c9
KAB-NX,7c5ba3b2-261a-4891-bde2-406ab0b364ad
KCDw,73227a85-2fea-42d4-b512-627b2342af6f
Other_CAD_Importers,a0e75136-f423-42e8-92a3-9d53f6e45ab6
Pattern_Systems,e9679223-eb69-4b62-8f24-dfe6ac8d04bd
SmartLister,97e31a63-04c0-4d9a-a1f2-7cbbdb11ed5f
Creating_an_S2M_Center_Part_List,fa3f394a-5645-41a1-812d-ac49f29e3f79
S2M_Part_List,931be44f-e76f-4989-892a-eaefedbbe813
CNC Output Path Explanation,ae71dafb-b313-4a82-a628-86d85208f60f
CNCRun_txt_Text_File_Format,2f5771d3-34e7-4b18-9162-efc494466f89
Material_Handling,35d2b352-2dcc-4f8c-90a2-68aca7aa8d83
Part_P2P,4b2513fb-5fe4-4190-b530-9ee899b3c0a3
Part_Router,c5139260-24c6-4c4a-99f8-32fd8fa9af11
Sheet_Router,182915c0-9ef6-44fd-a187-3e7e81401ebc
Sheet_Saw,6cdfdab6-268d-4f32-8d5e-c3c4fb89db30
Specialized_Chop_Saw,8a46b0ad-5afa-47d4-a32a-811d35fe5f51
Specialized_Drill_and_Dowel,b7e6f627-bbca-4ffc-8c53-7ea042504eb4
Specialized_Other,710ef1a4-751e-4722-ada5-142c82032f30
Machine_Set,8cd8c491-7f06-4923-bfca-f87652bd7236
Workflow,25144323-606d-42bc-99f5-81c617beb4a7
NC_Links,e711debe-aee0-4fa7-8f0b-aac127f1c608
Dimter_S90,4f6211d3-58d2-49f2-ad8f-ff272a1058f7
Grecon_Dimter_Opticut,28838ee7-8fb6-417a-b921-7db0608a1497
Koch_Maxi_5,e2255999-2c8e-44bf-b851-7811a58b9cec
Omga_t_421-521,2109a79c-9cee-4102-8741-f28070f4093a
Pistorius_BF-A,a73a8f5e-88f2-4545-b458-855321f79c04
RazorGage,5df0685a-56e7-4bf3-9e78-11de817f116d
Supercut,3a119c67-10a0-4c06-b6f4-bada97c31649
TigerStop,be4a78d3-dfe2-4363-85f8-64f2d3b288bf
Accu-Systems,3f51a9ab-edf2-47c0-9abb-532aac319863
Accu-Systems_HPJ,1c8e7a2e-3db2-4733-b036-d8b1ed1f77a3
Accu-Systems_HPJ_XML,134ddca6-be09-4436-a109-e1823a875224
Accu-Systems_HPMTH,64b8edc7-0bbe-453e-8bac-7528443b02e7
Accu-Systems_HVVP,05ed745b-a36a-400b-b3d7-9bd47d0a4fbe
Accu-Systems_Junior_Series,f81a3bd7-eafc-4e4d-ae8c-976aa1dfb1eb
Biesse_ELIX,db0292b9-ee8a-4f47-b22a-30b9e24eff60
Biesse_ELIX_B,42fd860f-d1a9-4361-9bde-b4a709eb892d
CNC_Factory_Scorpion,84eb9fa9-a49e-4a2c-86b8-a9535ef94fbe
Gannomat_Express_S1,7fcb2087-af8e-44d9-8fb3-be8c37644c25
Gannomat_Index,5d1bf3be-3ef7-4d48-a726-5c96ca09452b
Gannomat_Index_Pro,c294e855-6f31-40b4-9e67-0ea1c203834e
Koch_Sprint_Plus,57c82e5c-57f5-41b7-bc02-c2895970c98c
Koch_Sprint_Plus_II_L,b90e6692-fef9-4ea8-a560-e4dee3ba33c9
Laguna_Lockdowel,346ec4c1-f2ef-4cc9-8e29-c849a20d5364
Omal,3c1e09c8-8121-43bf-9e0f-0f7f64581900
Omal_Albatros,9cf230ec-254d-4da0-8ed9-33b596a8b115
Omal_Frame,c9660494-e3da-4985-b85a-8557590f2662
Omal_Frame_TpaEdi32,33b916e9-3d02-4444-b78a-30bdcfe68a53
Omal_Lockdowel,3052024b-776c-4133-a3ea-c3b077600479
Omal_TPAEdi32,d9068466-c1ea-4d8a-92ff-18d40d1ac148
Omal_Velox,67b527f3-8dce-4c7f-8dba-8e130f683ea9
Pillar_Lockdowel,d2a9284d-146d-440b-9e3f-ca1d86125f31
ProEdge_Lockdowel,c1cf8ae9-fc10-4827-a1ce-4d728417b1c5
Scheer_Woodpecker,7837d262-436b-457c-a411-1b30af548158
Sprint,6e8f8b8a-b354-4bae-8f55-c9369cb519dd
Sprint_PTP2_Beckhoff,609dc3c6-f8c5-4459-8074-28b8760b3f90
TpaCAD,14dd7641-d6e0-4da9-963b-f79cf96568a2
T_O_P__Albatros,081e827c-248c-4d0e-855f-2a1a03355c38
Vitap_Thunder,a9d67656-5b34-49b6-b0fe-5c6059dc2ed5
Vitap_Thunder_CID3,652d4383-de28-4d18-acfd-9b09c58a1d3f
Weeke_ABD,4146cedf-46cc-4b3a-8bd7-0f12729bb17b
Weeke_BEK,8712cc58-4287-4ccf-a451-d1389e9ebeef
Barbaric_Material_Handler,d78e158e-02d4-4b2e-a30a-e3c5e2648237
Flexstore,0b04067c-ecf5-44ef-b10f-497a7c82472c
Intellistore,97bc555a-d879-4326-a646-4f1c478bdeaa
Storemaster,33b531f6-4796-4b93-892b-0e7b4772fc56
Winstore,0282ebf0-e78a-410d-9e37-6e464a2df7d1
Populate_Database_Only,2b050106-8185-49a6-ba06-ad7d1eb7ed7d
Script_Test,27ea5deb-6917-43fa-bace-f59d0b9210f0
CimTech,3c41f411-8c01-4cd7-8a8a-7ca1342a72d8
IntelliCAM_-_Nest,47bafdba-0132-4e1c-8267-7bc0ff4592ee
Accu-Systems_2S,802a66e3-6342-42bb-a6d3-d20b1a64cc6a
Accu-Systems_MTH,01da6d8e-0c0f-42ba-bdea-d94f2373431a
Accu-Systems_Universal,290c2ed2-3a8d-40d0-9c00-a9254f5f396c
Anderson_MLS,fb546a2f-25d7-4520-a224-0e3e875168e0
Biesse_Door_Machine,0c3196c1-4aeb-44d5-8e40-211aa1fd56b1
Hoffmann_Beaded_Frame_System,cc7a4055-fe52-4e53-879d-b0b4975fdc2f
Homag_Edgebander,0ba23238-fdb0-4c52-8427-b9e091591cd8
Omal_MTH,05318e85-87a9-456d-8663-a9686271b275
OSync,592f8ac1-c285-417b-ab13-3f8bf8396d64
Pillar_MTH,6b1ebc86-4999-496f-b42f-9b2ed7079fd0
Pillar_PLT,84a30e90-07b2-4c4e-a0cb-4dc96536bfa6
Voorwood_Shape_and_Sand,4beb27b6-ee9f-41ed-bd06-3501df283fec
Weinig_French_Miter,59c5adcc-91da-4bdc-8f8d-54340960cef7
AlphaCAM_Nest,05094691-e7d9-4bdb-a2e5-8ac2370cfcff
AlphaCAM_P2P,a83816df-2e7a-4ff6-ae9c-a89388210f64
Auto_Link,4bede0b0-557c-4376-895a-b3418ae59f80
Biesse_Rover,bfc7d9c2-6985-4871-9d50-fe9d7a9edf50
Building_Blocks,e1747e51-af13-4931-a0eb-4c6c32f07a0d
Building_Blocks_Nest,86b3b14e-8615-42e2-875e-bcb1f728ae98
CADCode,00165838-2cee-4695-869e-0d9d96df99e5
CADCode_Nest,f228595e-943a-404d-8eba-75045c3e379b
Cam_2,fdafb5f2-e0d0-405e-a7bd-e93833c57b7d
Cam_3,bd42e3b4-0b36-4e65-8bc0-ec6451311f35
CimTech_Nest,23c77feb-fe81-4eac-875d-9ff93d64fbe6
CimTech_P2P,4f215d7d-5217-4e0a-893b-7dcad1f00882
EnRoute,b4446a4a-c33f-415c-81be-4455c8498a80
Intelli-CAM_-_All_Parts_Full_Outline_(Mirror),5a5cabe8-a442-43b2-bc72-d35043d0c3be
Intelli-CAM_-_Parts_(0)_Full_Outline_Only,24831d6c-27af-42ec-8caa-7a8ceebdb74c
Intelli-CAM_-_Parts_Full_Outline,5f58b3e8-1fec-49a3-91cc-97f5a88b9d82
Intelli-CAM_-_Parts_Full_Outline_(Mirror),6307c0b9-142e-4945-91a7-88dbb521d482
IntelliCAM_-_Parts_(Mirror),3c5a4098-2e06-41be-9159-0753ee9a5bac
IntelliCAM_-_Parts_(No_Mirror),5bea973e-b8df-4014-a97e-03eaa42b52d6
Speedy_Link,2bd5124d-8725-44a0-93ca-cd5e70c35e97
TASK,f7534b07-d9cf-4494-a85d-3e11c47c6ad3
TASK_Version_3,5fd99850-a66c-4932-b70d-f6408eee3239
TASK_Version_5,a644ae0d-ab8c-4845-9143-c291d7c8cf08
Thermwood,e6a9fc62-01a9-44b8-a73f-cca24795a351
TwinCAM_32,3b1b3221-3dcd-493b-90d1-b1e56d44c7e8
WoodWop_25,bfd6c47b-ad4b-4496-b5c1-1c1f24dacef8
WoodWop_4,60825775-fa10-4b23-9f7b-b38f8b87dd94
WoodWop_5,d708550b-0128-4849-a93f-c7b3b3eaa8bd
Standard_DXF,94676275-5f2d-44db-a394-b6e63130f7aa
STDDXFSetup_Tab,95ab1892-6ae3-406c-ae51-5d4025c77f84
Alpha_Beam_Saw,b30dbf7c-4064-4793-a13e-d591816ff91e
Altendorf_Elmo,9f4a665b-3cd4-4a1a-affe-fa4fc84046af
Ayza_Spear_Lanza_P5,f88e45e1-19c4-4b83-9078-407e395c935c
BeamBoard,120ad1b9-4ab4-4d47-83ea-f87ecb69b665
Casadei_CN04,8fe7730b-3463-48b5-a043-00817545d6fc
Casadei_MX39,badc2fe2-1f88-45f5-a745-09792351210c
CPOUT,67e51685-c2ff-4a1c-9298-bc2f7a7f5ebc
CPOUT_-_Mayer,68a11869-5acc-477c-a6cb-9aa9a017d04f
Custom_CUT_File,cf1ad31f-6428-49fb-aa35-79203444d27d
Elcon_Quadra,6b8dbe19-14a4-4cbb-8909-fcc0e86ac1cc
Etalon_Saw,7015e610-4c9b-49c1-8845-191104329c00
Excitech_EP,7e3ef736-0cab-4f2e-860b-93ec0500c9e5
Fimal_Concept_350,d51db638-bfa6-4c05-8de3-a10561a79fa2
Fimal_P3200,ce2d18be-b941-427b-b374-49163fe7e857
Gabbiani_Prima,86623c18-2d1d-4405-bc25-13aaa001e32d
Giben_Prismatic,f41411c8-70c7-4faf-8356-8a5427a7574a
Holz-Her_saw_Kvara_Controller,a94ff538-2e91-40fb-8e1b-bec404e4964f
Holz-Her_saw_Tria_Controller,cb64dff5-91cc-4805-9926-5173bd0ae242
Holzma,985a13e5-3087-4ae9-9a34-3c734825105a
Homag_Espaa_CH03+,195cadaf-4fe0-4af2-81ec-68751a15496f
Homag_Espaa_CH03,c72a4fbe-0040-4a89-999c-991af488fa3c
Homag_Espaa_CH12,0018dd1d-42e0-4fe2-bf99-bd6bc1de6c92
Kappa_Automatic,fbea4c43-dbe2-48f7-8ee2-6c73c172888f
KDT_XML,99d33287-f665-4eb9-8e3f-7396c8dd1d05
Macmazza_On-Board,2d6f3ece-9461-45bc-8457-c5aa4312e2c0
Macmazza_SEZ2000,912552fd-7504-4786-81d7-7d19e1d0edca
Macmazza_Tork_MP70,a9e02a59-e8d3-4985-ac4d-d43cf578972a
Martin_T74,dd203a45-378b-49e7-a193-d87a69f0d161
Mayer,522a3da4-f0d5-4120-9620-99ce127468a7
Mayer_PC6200_controller,c43f935a-05c8-4b78-ae40-9ed5513a87aa
Mayer_PC7000_controller,73fd5a21-724f-49b5-8d15-2283d60c8ea9
NIMAC_Ilenia,95ca88b0-9aa1-47d5-8308-a9544b6fbcc9
PIOS,2c859113-4298-4170-8a78-d6655d256068
PNL_File,27c29ef4-da36-47bc-8165-e26f88893ed4
RLODF_CUT_File,47bb09fb-a2d3-4256-aa0e-81da38c55245
Scheer_DNC_-_AT,aa84ba8b-655a-4862-bf4c-e9ac25ff56e7
Schelling_HPO,ff9569a0-5e98-40fe-8e72-69ad885dacc0
SCMI_Seziona,210797c3-50bd-4371-82de-81ea2d26c6be
SCMI_Sigma_65,4e3fd2b6-b82d-401c-bcab-2b9c2d5b14ff
SCMI_WinCut,9b725df6-0c26-413a-a144-31840f4aca26
SCMI_x915,06742074-c7fe-4c6c-92ac-5eb5271586ed
SCMI_z32,eea55010-6056-4c6f-97eb-51be81ed51cd
SCMI_z45,96d5142e-e6b9-42fc-8003-40b9a98386b8
SCM_MaestroCUT,22ba8402-3a39-4c47-95f7-e2f9500aea7f
SCM_Ottimo,5a4cf81c-0928-4cd4-b499-8d92eaefc2ab
SCM_PTX,f3829092-0a89-46a5-bbbb-70e547602a34
Selco_XML,9ee7b3e6-6581-460c-a3d0-f17d959dc555
Setting_Up_Real_TIme_Labes_for_Holz-Her_Saws,8eb39229-fc1e-4bca-9860-3a34632de0ac
Material_Properties,8ac265cd-f6b2-43c8-a869-4225306ce090
Parts,b12e0cee-f5bb-496a-9465-155159faf1d5
Edgeband,68ed5263-6c3e-4b34-88a3-9dee580acdcd
Edit,59a297ae-0bcb-41bb-9bce-b7760ead48b1
Edit_Operations,4ae8bbe7-e6a3-4c3c-94f2-2d124598b926
Edit_Shape,0e30ba23-23c8-48eb-be78-f415e3656135
Edit_Shape_Selection_Options,bcc1ba8f-147e-454d-84b4-e5db93bae288
Object_Snapping,b98db5d9-8439-43da-85e0-9482fae33a2c
ANC_Parts_List,cf662647-6caf-4ab5-acc8-1e7963a85b9f
ANC_Part_Edit_Screen,8a2eb37b-3c9a-4fac-ba2c-bb1f363c6074
S2M_for_Alphacam,c539ae4c-d9e8-40ae-850d-a8ddfc25fd5e
S2M_Tab,63b68063-eea8-4f58-be83-b59eb00178fb
ANC_Side_Bar_Menu,9ab5a87d-a15d-4bd5-bd95-3941194fa3e5
Edit_Part_Library,2295b6a6-64fc-4bf7-9cb2-f435b6587513
Material_List,ab886459-c541-45ce-a7b1-dd27daab2560
ANC_Optimize,1819e7ef-ab27-4899-8a40-b6ead31cd907
ANC_PS_SIde_Bar_Menu,6eb61b82-cd7f-4fd9-bd09-7ceddc6ea5dc
ANC_Sheet_Display_Area,a8a4679f-9f0a-4e1e-8491-7fb977f1d136
NC_Center_Patterns_Section,274b50eb-d65e-45a7-9216-bf4ae4ee8ffa
Dovetail_Tool_Set,498b0804-57a1-4ea9-926a-b684acd339a8
Standard_Tool_Shape,7169524f-0ab2-455b-82ec-e938796985cb
Tool Selection Logic,04d37d76-e4b9-4d6b-a085-3b85a1e25714
Tool_Catalog_Setup,9e73329a-4965-4788-a023-336257c01689
Tool_Sets,ee27bb74-566e-4190-95d6-1e6b21350677
Backup_Database,320e1946-a5c7-42c8-a644-179a9318025c
Export_Job_State,26e12b2d-489c-4ea1-88f5-56e3f9832e3b
Import-Export_PNC,a7f832cc-f194-4026-bc78-e48982d8f22b
Offcut_Manager,b7afe87e-14dc-42ba-a7e4-4a8b106f55f1
Setup_Package,3b8608b7-97be-4e3c-92ed-8fba28052d53
Utilities_Tab,583484ff-e086-42a0-b1db-a9396a7b43af
Change_Unit_of_Measurement,a570a5a2-b63e-477d-b67f-04eb6ce13c88
Copy_Material,4f2fbfe9-0ccb-440a-a875-1700a61d9fa0
Delete_Material,a3488172-434a-473a-8a5f-48fa871c719b
Import_Materials,fc500a88-ad88-4a3e-add7-25b012ddc200
Material_List_Filter,c9094dd3-7fe5-4b69-8ecc-c896bd80424d
New_Material,f37dbce2-5c63-4926-92f2-85c0c4db4c01
Select_Outline_Tool,4eb2f55c-5aba-47db-896b-259746d5a5b7
Setup_Banding_Indicators,4df5e5de-820e-4c2f-87d5-1ee7da07279c
Show_Additional_Material_Sizes,732d1563-0cb9-440e-91c5-6acd99e54b88
Show_Advanced_Tool_Strategy,efccfb08-3969-4024-b278-1b998c76c9be
Synchronize_Materials,7b840333-3392-4b46-b0bd-a26b2ac45c43
Toolbar,2e047764-db69-4943-b630-7c1ed4d3ed4b
Designing_Label-IT_Labels,64ed2c4b-f225-4c45-a84f-2c11255136f8
Generating_Label-IT,c541155a-5436-4b3e-ac37-308a3dbad6e5
Real-Time_Labeling,0f13443c-8516-4846-9049-43cfe39ad7d2
Running_A_Laser,d00bee74-67e3-41af-9383-b4671ee1da61
Using_Label-IT_in_Production,1c3aca87-8a2a-4ab2-bda0-1fcfc0c302de
Add_Offcuts,2390d3de-a377-44ed-8ccb-6217a64a6ee5
Chop_Saw,86198eda-7a1e-4c35-a3ab-81e50b8a8517
Drill_and_Dowel_Machine,da821707-cf43-462e-9439-4ffc5a897c7f
Filter_Parts,efde2da6-aa49-42dd-9ab8-853ba043ff07
Machine_Sets,3a5b0ad0-06ce-49c1-9d5d-5960fe499159
Machining_Simulation,b1ae8f80-fb30-4d27-9424-f20bed58323d
Optimize,a335b7bf-dcdb-4093-bae7-e84c46db446b
Optimizer_Parameters,f8b1d42d-8071-490b-af3f-b0bde2e3edee
Output_CNC_Operations,63e851ba-6c0e-4dfe-9b93-a758043f0366
Primary_Machine,b2eb1ffa-2690-40da-8fd2-d81558c93efa
Secondary_Machine,7d4dec8b-66c6-474f-ac41-32e350b540a1
NC_Code_&_Labels,bd892ff6-416a-4d06-bb8c-1a1f5d38c93e
Reports,570f3a87-c60b-45fb-a5e7-bb0e9310f4e7
Setup_Reports,2e5573ea-fc27-4857-ae89-0c5577655708
CVData,be612810-9c65-4e99-aeab-9ee5fb00a43a
Specification_PNC_Files,6c0ca0b4-5ddb-4a30-bd40-d7803aa851f4
Specification_psnc-ac-cv-cw-nc_Label-IT_Databases,1e44a8dc-ef1c-45f4-a619-562f0954abf0
Banding_Indicators,f7d1c98b-88e4-47a4-acdf-41364f3389b0
Specification_PSNC_Database,b429321f-ef10-4174-9331-fe88e53162fd
S2M_Optimizer_Products_and_Add-Ons,fddd3960-2e1e-48d2-8527-d0d2d321c471
Using_the_S2M_Optimizer_Help_System,d47e9041-d267-4231-88fa-993ff8f4e176
About_S2M_Optimizer,aa6070a1-e8ef-426c-8a5f-c63ee99eefca
Understanding_the_S2M_Optimizer_Window,46426343-c52a-43c8-bacd-6ff9abbc7f3a
Using_a_Mouse_in_the_S2M_Optimizer,fe1ec2b8-af43-4021-ad23-f0aee48779bc
The_S2M_Optimizer_Button,3ce3807c-0775-4cbb-ab17-ae546c583ad0
Saw_Links,71eb3750-83ce-4d14-8513-d8bce3573a56
